Min_Energy_Thresh_F,Max_Energy_Thresh_F,Foraging_Condition_Mean,Foraging_Condition_SD,Foraging_Condition_Kick,Success,Fail_Dead_Parent,Fail_Egg_Neglect_Max,Fail_Egg_Neglect_Cumulative
200,300,130,47,0,0,0.461,0.537,0.002
200,300,130,47,1,0,0.933,0.067,0
200,300,140,47,0,0,0.126,0.84,0.034
200,300,140,47,1,0,0.859,0.135,0.006
200,300,150,47,0,0,0.034,0.776,0.19
200,300,150,47,1,0,0.786,0.182,0.032
200,300,160,47,0,0,0.012,0.499,0.489
200,300,160,47,1,0,0.739,0.159,0.102
200,300,170,47,0,0,0,0.214,0.786
200,300,170,47,1,0,0.728,0.089,0.183
200,300,180,47,0,0,0,0.068,0.932
200,300,180,47,1,0,0.687,0.037,0.276
200,300,190,47,0,0,0,0.018,0.982
200,300,190,47,1,0,0.649,0.017,0.334
200,300,200,47,0,0.002,0,0.002,0.996
200,300,200,47,1,0.001,0.58,0.005,0.414
200,300,210,47,0,0.024,0,0,0.976
200,300,210,47,1,0.01,0.535,0.003,0.452
200,300,220,47,0,0.134,0,0,0.866
200,300,220,47,1,0.075,0.405,0.001,0.519
200,300,230,47,0,0.386,0,0,0.614
200,300,230,47,1,0.21,0.325,0.002,0.463
200,300,240,47,0,0.681,0,0,0.319
200,300,240,47,1,0.436,0.243,0,0.321
200,300,250,47,0,0.901,0,0,0.099
200,300,250,47,1,0.668,0.191,0.003,0.138
200,300,260,47,0,0.974,0,0,0.026
200,300,260,47,1,0.721,0.213,0.002,0.064
200,300,270,47,0,0.998,0,0,0.002
200,300,270,47,1,0.721,0.243,0.001,0.035
200,300,280,47,0,1,0,0,0
200,300,280,47,1,0.689,0.29,0,0.021
200,300,290,47,0,1,0,0,0
200,300,290,47,1,0.577,0.404,0,0.019
200,300,300,47,0,1,0,0,0
200,300,300,47,1,0.517,0.475,0,0.008
200,300,310,47,0,1,0,0,0
200,300,310,47,1,0.459,0.537,0,0.004
200,300,320,47,0,1,0,0,0
200,300,320,47,1,0.398,0.602,0,0
200,300,330,47,0,1,0,0,0
200,300,330,47,1,0.37,0.63,0,0
200,300,340,47,0,1,0,0,0
200,300,340,47,1,0.391,0.609,0,0
200,300,350,47,0,1,0,0,0
200,300,350,47,1,0.404,0.596,0,0
200,300,360,47,0,1,0,0,0
200,300,360,47,1,0.473,0.527,0,0
200,300,370,47,0,1,0,0,0
200,300,370,47,1,0.558,0.442,0,0
200,300,380,47,0,1,0,0,0
200,300,380,47,1,0.648,0.352,0,0
200,300,390,47,0,1,0,0,0
200,300,390,47,1,0.738,0.262,0,0
200,300,400,47,0,1,0,0,0
200,300,400,47,1,0.836,0.164,0,0
200,300,410,47,0,1,0,0,0
200,300,410,47,1,0.893,0.107,0,0
200,300,420,47,0,1,0,0,0
200,300,420,47,1,0.941,0.059,0,0
200,300,430,47,0,1,0,0,0
200,300,430,47,1,0.966,0.034,0,0
200,300,440,47,0,1,0,0,0
200,300,440,47,1,0.986,0.014,0,0
200,300,450,47,0,1,0,0,0
200,300,450,47,1,0.993,0.007,0,0
200,300,460,47,0,1,0,0,0
200,300,460,47,1,0.998,0.002,0,0
200,300,470,47,0,1,0,0,0
200,300,470,47,1,0.998,0.002,0,0
200,300,480,47,0,1,0,0,0
200,300,480,47,1,1,0,0,0
200,300,490,47,0,1,0,0,0
200,300,490,47,1,1,0,0,0
200,300,500,47,0,1,0,0,0
200,300,500,47,1,1,0,0,0
200,400,130,47,0,0,0.363,0.637,0
200,400,130,47,1,0,0.942,0.058,0
200,400,140,47,0,0,0.103,0.895,0.002
200,400,140,47,1,0,0.824,0.176,0
200,400,150,47,0,0,0.02,0.953,0.027
200,400,150,47,1,0,0.638,0.351,0.011
200,400,160,47,0,0,0.003,0.865,0.132
200,400,160,47,1,0,0.499,0.427,0.074
200,400,170,47,0,0,0.002,0.609,0.389
200,400,170,47,1,0,0.399,0.385,0.216
200,400,180,47,0,0,0,0.297,0.703
200,400,180,47,1,0,0.279,0.27,0.451
200,400,190,47,0,0,0,0.094,0.906
200,400,190,47,1,0,0.234,0.143,0.623
200,400,200,47,0,0.001,0,0.029,0.97
200,400,200,47,1,0.001,0.207,0.093,0.699
200,400,210,47,0,0.021,0,0.003,0.976
200,400,210,47,1,0.014,0.18,0.054,0.752
200,400,220,47,0,0.088,0,0,0.912
200,400,220,47,1,0.051,0.14,0.052,0.757
200,400,230,47,0,0.276,0,0,0.724
200,400,230,47,1,0.198,0.154,0.043,0.605
200,400,240,47,0,0.6,0,0,0.4
200,400,240,47,1,0.435,0.162,0.035,0.368
200,400,250,47,0,0.855,0,0,0.145
200,400,250,47,1,0.633,0.17,0.043,0.154
200,400,260,47,0,0.958,0,0,0.042
200,400,260,47,1,0.665,0.232,0.041,0.062
200,400,270,47,0,0.994,0,0,0.006
200,400,270,47,1,0.669,0.271,0.032,0.028
200,400,280,47,0,1,0,0,0
200,400,280,47,1,0.615,0.327,0.028,0.03
200,400,290,47,0,1,0,0,0
200,400,290,47,1,0.538,0.419,0.011,0.032
200,400,300,47,0,1,0,0,0
200,400,300,47,1,0.483,0.49,0.005,0.022
200,400,310,47,0,1,0,0,0
200,400,310,47,1,0.442,0.54,0.002,0.016
200,400,320,47,0,1,0,0,0
200,400,320,47,1,0.418,0.58,0,0.002
200,400,330,47,0,1,0,0,0
200,400,330,47,1,0.378,0.62,0,0.002
200,400,340,47,0,1,0,0,0
200,400,340,47,1,0.373,0.627,0,0
200,400,350,47,0,1,0,0,0
200,400,350,47,1,0.448,0.552,0,0
200,400,360,47,0,1,0,0,0
200,400,360,47,1,0.485,0.515,0,0
200,400,370,47,0,1,0,0,0
200,400,370,47,1,0.56,0.44,0,0
200,400,380,47,0,1,0,0,0
200,400,380,47,1,0.673,0.327,0,0
200,400,390,47,0,1,0,0,0
200,400,390,47,1,0.745,0.255,0,0
200,400,400,47,0,1,0,0,0
200,400,400,47,1,0.817,0.183,0,0
200,400,410,47,0,1,0,0,0
200,400,410,47,1,0.895,0.105,0,0
200,400,420,47,0,1,0,0,0
200,400,420,47,1,0.94,0.06,0,0
200,400,430,47,0,1,0,0,0
200,400,430,47,1,0.976,0.024,0,0
200,400,440,47,0,1,0,0,0
200,400,440,47,1,0.989,0.011,0,0
200,400,450,47,0,1,0,0,0
200,400,450,47,1,0.993,0.007,0,0
200,400,460,47,0,1,0,0,0
200,400,460,47,1,0.995,0.005,0,0
200,400,470,47,0,1,0,0,0
200,400,470,47,1,1,0,0,0
200,400,480,47,0,1,0,0,0
200,400,480,47,1,1,0,0,0
200,400,490,47,0,1,0,0,0
200,400,490,47,1,1,0,0,0
200,400,500,47,0,1,0,0,0
200,400,500,47,1,1,0,0,0
200,500,130,47,0,0,0.329,0.671,0
200,500,130,47,1,0,0.934,0.066,0
200,500,140,47,0,0,0.084,0.916,0
200,500,140,47,1,0,0.774,0.226,0
200,500,150,47,0,0,0.02,0.978,0.002
200,500,150,47,1,0,0.582,0.417,0.001
200,500,160,47,0,0,0.005,0.984,0.011
200,500,160,47,1,0,0.382,0.609,0.009
200,500,170,47,0,0,0.002,0.908,0.09
200,500,170,47,1,0,0.269,0.669,0.062
200,500,180,47,0,0,0,0.676,0.324
200,500,180,47,1,0,0.178,0.625,0.197
200,500,190,47,0,0,0,0.389,0.611
200,500,190,47,1,0,0.114,0.512,0.374
200,500,200,47,0,0.002,0,0.159,0.839
200,500,200,47,1,0.001,0.09,0.349,0.56
200,500,210,47,0,0.022,0,0.039,0.939
200,500,210,47,1,0.014,0.081,0.269,0.636
200,500,220,47,0,0.086,0,0.008,0.906
200,500,220,47,1,0.048,0.105,0.232,0.615
200,500,230,47,0,0.265,0,0,0.735
200,500,230,47,1,0.171,0.1,0.208,0.521
200,500,240,47,0,0.537,0,0,0.463
200,500,240,47,1,0.359,0.121,0.232,0.288
200,500,250,47,0,0.812,0,0,0.188
200,500,250,47,1,0.507,0.157,0.222,0.114
200,500,260,47,0,0.948,0,0,0.052
200,500,260,47,1,0.548,0.183,0.226,0.043
200,500,270,47,0,0.995,0,0,0.005
200,500,270,47,1,0.528,0.262,0.194,0.016
200,500,280,47,0,1,0,0,0
200,500,280,47,1,0.467,0.344,0.162,0.027
200,500,290,47,0,0.999,0,0,0.001
200,500,290,47,1,0.411,0.411,0.151,0.027
200,500,300,47,0,1,0,0,0
200,500,300,47,1,0.379,0.522,0.079,0.02
200,500,310,47,0,1,0,0,0
200,500,310,47,1,0.412,0.525,0.044,0.019
200,500,320,47,0,1,0,0,0
200,500,320,47,1,0.37,0.611,0.018,0.001
200,500,330,47,0,1,0,0,0
200,500,330,47,1,0.38,0.613,0.007,0
200,500,340,47,0,1,0,0,0
200,500,340,47,1,0.383,0.617,0,0
200,500,350,47,0,1,0,0,0
200,500,350,47,1,0.42,0.58,0,0
200,500,360,47,0,1,0,0,0
200,500,360,47,1,0.463,0.537,0,0
200,500,370,47,0,1,0,0,0
200,500,370,47,1,0.539,0.461,0,0
200,500,380,47,0,1,0,0,0
200,500,380,47,1,0.668,0.332,0,0
200,500,390,47,0,1,0,0,0
200,500,390,47,1,0.789,0.211,0,0
200,500,400,47,0,1,0,0,0
200,500,400,47,1,0.819,0.181,0,0
200,500,410,47,0,1,0,0,0
200,500,410,47,1,0.89,0.11,0,0
200,500,420,47,0,1,0,0,0
200,500,420,47,1,0.954,0.046,0,0
200,500,430,47,0,1,0,0,0
200,500,430,47,1,0.98,0.02,0,0
200,500,440,47,0,1,0,0,0
200,500,440,47,1,0.974,0.026,0,0
200,500,450,47,0,1,0,0,0
200,500,450,47,1,0.994,0.006,0,0
200,500,460,47,0,1,0,0,0
200,500,460,47,1,0.998,0.002,0,0
200,500,470,47,0,1,0,0,0
200,500,470,47,1,0.999,0.001,0,0
200,500,480,47,0,1,0,0,0
200,500,480,47,1,0.999,0.001,0,0
200,500,490,47,0,1,0,0,0
200,500,490,47,1,1,0,0,0
200,500,500,47,0,1,0,0,0
200,500,500,47,1,1,0,0,0
200,600,130,47,0,0,0.265,0.735,0
200,600,130,47,1,0,0.932,0.068,0
200,600,140,47,0,0,0.07,0.93,0
200,600,140,47,1,0,0.797,0.203,0
200,600,150,47,0,0,0.017,0.983,0
200,600,150,47,1,0,0.613,0.387,0
200,600,160,47,0,0,0.003,0.997,0
200,600,160,47,1,0,0.386,0.614,0
200,600,170,47,0,0,0.001,0.986,0.013
200,600,170,47,1,0,0.279,0.712,0.009
200,600,180,47,0,0,0,0.929,0.071
200,600,180,47,1,0,0.179,0.789,0.032
200,600,190,47,0,0,0,0.728,0.272
200,600,190,47,1,0,0.128,0.746,0.126
200,600,200,47,0,0.004,0,0.448,0.548
200,600,200,47,1,0,0.112,0.635,0.253
200,600,210,47,0,0.012,0,0.204,0.784
200,600,210,47,1,0.003,0.096,0.537,0.364
200,600,220,47,0,0.055,0,0.063,0.882
200,600,220,47,1,0.015,0.096,0.497,0.392
200,600,230,47,0,0.209,0,0.017,0.774
200,600,230,47,1,0.055,0.092,0.463,0.39
200,600,240,47,0,0.411,0,0.005,0.584
200,600,240,47,1,0.116,0.129,0.436,0.319
200,600,250,47,0,0.702,0,0,0.298
200,600,250,47,1,0.236,0.181,0.409,0.174
200,600,260,47,0,0.881,0,0,0.119
200,600,260,47,1,0.302,0.198,0.434,0.066
200,600,270,47,0,0.972,0,0,0.028
200,600,270,47,1,0.328,0.251,0.407,0.014
200,600,280,47,0,0.995,0,0,0.005
200,600,280,47,1,0.273,0.327,0.395,0.005
200,600,290,47,0,0.999,0,0,0.001
200,600,290,47,1,0.252,0.393,0.347,0.008
200,600,300,47,0,1,0,0,0
200,600,300,47,1,0.221,0.505,0.266,0.008
200,600,310,47,0,1,0,0,0
200,600,310,47,1,0.267,0.53,0.199,0.004
200,600,320,47,0,1,0,0,0
200,600,320,47,1,0.289,0.597,0.111,0.003
200,600,330,47,0,1,0,0,0
200,600,330,47,1,0.304,0.633,0.063,0
200,600,340,47,0,1,0,0,0
200,600,340,47,1,0.341,0.631,0.027,0.001
200,600,350,47,0,1,0,0,0
200,600,350,47,1,0.404,0.589,0.007,0
200,600,360,47,0,1,0,0,0
200,600,360,47,1,0.467,0.53,0.003,0
200,600,370,47,0,1,0,0,0
200,600,370,47,1,0.545,0.454,0.001,0
200,600,380,47,0,1,0,0,0
200,600,380,47,1,0.652,0.348,0,0
200,600,390,47,0,1,0,0,0
200,600,390,47,1,0.735,0.265,0,0
200,600,400,47,0,1,0,0,0
200,600,400,47,1,0.82,0.18,0,0
200,600,410,47,0,1,0,0,0
200,600,410,47,1,0.891,0.109,0,0
200,600,420,47,0,1,0,0,0
200,600,420,47,1,0.916,0.084,0,0
200,600,430,47,0,1,0,0,0
200,600,430,47,1,0.97,0.03,0,0
200,600,440,47,0,1,0,0,0
200,600,440,47,1,0.987,0.013,0,0
200,600,450,47,0,1,0,0,0
200,600,450,47,1,0.993,0.007,0,0
200,600,460,47,0,1,0,0,0
200,600,460,47,1,0.997,0.003,0,0
200,600,470,47,0,1,0,0,0
200,600,470,47,1,1,0,0,0
200,600,480,47,0,1,0,0,0
200,600,480,47,1,0.999,0.001,0,0
200,600,490,47,0,1,0,0,0
200,600,490,47,1,0.999,0.001,0,0
200,600,500,47,0,1,0,0,0
200,600,500,47,1,1,0,0,0
200,700,130,47,0,0,0.225,0.775,0
200,700,130,47,1,0,0.867,0.133,0
200,700,140,47,0,0,0.063,0.937,0
200,700,140,47,1,0,0.816,0.184,0
200,700,150,47,0,0,0.013,0.987,0
200,700,150,47,1,0,0.653,0.347,0
200,700,160,47,0,0,0.003,0.997,0
200,700,160,47,1,0,0.496,0.504,0
200,700,170,47,0,0,0,0.999,0.001
200,700,170,47,1,0,0.289,0.711,0
200,700,180,47,0,0,0,0.996,0.004
200,700,180,47,1,0,0.199,0.798,0.003
200,700,190,47,0,0,0,0.964,0.036
200,700,190,47,1,0,0.133,0.856,0.011
200,700,200,47,0,0,0,0.843,0.157
200,700,200,47,1,0.001,0.098,0.86,0.041
200,700,210,47,0,0.001,0,0.573,0.426
200,700,210,47,1,0.001,0.08,0.802,0.117
200,700,220,47,0,0.029,0,0.308,0.663
200,700,220,47,1,0.014,0.085,0.732,0.169
200,700,230,47,0,0.114,0,0.106,0.78
200,700,230,47,1,0.048,0.1,0.674,0.178
200,700,240,47,0,0.336,0,0.043,0.621
200,700,240,47,1,0.127,0.117,0.633,0.123
200,700,250,47,0,0.619,0,0.009,0.372
200,700,250,47,1,0.172,0.158,0.616,0.054
200,700,260,47,0,0.845,0,0,0.155
200,700,260,47,1,0.176,0.2,0.602,0.022
200,700,270,47,0,0.968,0,0,0.032
200,700,270,47,1,0.19,0.262,0.547,0.001
200,700,280,47,0,0.994,0,0,0.006
200,700,280,47,1,0.139,0.34,0.521,0
200,700,290,47,0,0.998,0,0,0.002
200,700,290,47,1,0.13,0.379,0.489,0.002
200,700,300,47,0,1,0,0,0
200,700,300,47,1,0.135,0.472,0.392,0.001
200,700,310,47,0,1,0,0,0
200,700,310,47,1,0.135,0.541,0.318,0.006
200,700,320,47,0,1,0,0,0
200,700,320,47,1,0.189,0.576,0.235,0
200,700,330,47,0,1,0,0,0
200,700,330,47,1,0.25,0.6,0.15,0
200,700,340,47,0,1,0,0,0
200,700,340,47,1,0.293,0.604,0.103,0
200,700,350,47,0,1,0,0,0
200,700,350,47,1,0.354,0.603,0.043,0
200,700,360,47,0,1,0,0,0
200,700,360,47,1,0.456,0.529,0.015,0
200,700,370,47,0,1,0,0,0
200,700,370,47,1,0.526,0.466,0.008,0
200,700,380,47,0,1,0,0,0
200,700,380,47,1,0.678,0.322,0,0
200,700,390,47,0,1,0,0,0
200,700,390,47,1,0.761,0.239,0,0
200,700,400,47,0,1,0,0,0
200,700,400,47,1,0.834,0.166,0,0
200,700,410,47,0,1,0,0,0
200,700,410,47,1,0.891,0.109,0,0
200,700,420,47,0,1,0,0,0
200,700,420,47,1,0.927,0.073,0,0
200,700,430,47,0,1,0,0,0
200,700,430,47,1,0.971,0.029,0,0
200,700,440,47,0,1,0,0,0
200,700,440,47,1,0.985,0.015,0,0
200,700,450,47,0,1,0,0,0
200,700,450,47,1,0.996,0.004,0,0
200,700,460,47,0,1,0,0,0
200,700,460,47,1,0.999,0.001,0,0
200,700,470,47,0,1,0,0,0
200,700,470,47,1,0.998,0.002,0,0
200,700,480,47,0,1,0,0,0
200,700,480,47,1,0.999,0.001,0,0
200,700,490,47,0,1,0,0,0
200,700,490,47,1,1,0,0,0
200,700,500,47,0,1,0,0,0
200,700,500,47,1,1,0,0,0
200,800,130,47,0,0,0.177,0.823,0
200,800,130,47,1,0,0.598,0.402,0
200,800,140,47,0,0,0.039,0.961,0
200,800,140,47,1,0,0.674,0.326,0
200,800,150,47,0,0,0.006,0.994,0
200,800,150,47,1,0,0.74,0.26,0
200,800,160,47,0,0,0.002,0.998,0
200,800,160,47,1,0,0.692,0.308,0
200,800,170,47,0,0,0,1,0
200,800,170,47,1,0,0.56,0.44,0
200,800,180,47,0,0,0,0.999,0.001
200,800,180,47,1,0,0.368,0.632,0
200,800,190,47,0,0,0,0.991,0.009
200,800,190,47,1,0,0.237,0.763,0
200,800,200,47,0,0,0,0.949,0.051
200,800,200,47,1,0,0.174,0.825,0.001
200,800,210,47,0,0.004,0,0.825,0.171
200,800,210,47,1,0,0.119,0.87,0.011
200,800,220,47,0,0.011,0,0.591,0.398
200,800,220,47,1,0,0.112,0.854,0.034
200,800,230,47,0,0.057,0,0.343,0.6
200,800,230,47,1,0.001,0.092,0.854,0.053
200,800,240,47,0,0.155,0,0.146,0.699
200,800,240,47,1,0.007,0.142,0.778,0.073
200,800,250,47,0,0.368,0,0.044,0.588
200,800,250,47,1,0.022,0.138,0.75,0.09
200,800,260,47,0,0.638,0,0.01,0.352
200,800,260,47,1,0.055,0.188,0.714,0.043
200,800,270,47,0,0.836,0,0.003,0.161
200,800,270,47,1,0.08,0.256,0.641,0.023
200,800,280,47,0,0.962,0,0.001,0.037
200,800,280,47,1,0.076,0.323,0.589,0.012
200,800,290,47,0,0.997,0,0,0.003
200,800,290,47,1,0.067,0.372,0.561,0
200,800,300,47,0,0.999,0,0,0.001
200,800,300,47,1,0.053,0.481,0.466,0
200,800,310,47,0,1,0,0,0
200,800,310,47,1,0.081,0.541,0.378,0
200,800,320,47,0,1,0,0,0
200,800,320,47,1,0.077,0.619,0.304,0
200,800,330,47,0,1,0,0,0
200,800,330,47,1,0.166,0.579,0.254,0.001
200,800,340,47,0,1,0,0,0
200,800,340,47,1,0.231,0.604,0.165,0
200,800,350,47,0,1,0,0,0
200,800,350,47,1,0.316,0.583,0.101,0
200,800,360,47,0,1,0,0,0
200,800,360,47,1,0.434,0.511,0.055,0
200,800,370,47,0,1,0,0,0
200,800,370,47,1,0.52,0.459,0.021,0
200,800,380,47,0,1,0,0,0
200,800,380,47,1,0.661,0.327,0.012,0
200,800,390,47,0,1,0,0,0
200,800,390,47,1,0.776,0.221,0.003,0
200,800,400,47,0,1,0,0,0
200,800,400,47,1,0.82,0.179,0.001,0
200,800,410,47,0,1,0,0,0
200,800,410,47,1,0.89,0.11,0,0
200,800,420,47,0,1,0,0,0
200,800,420,47,1,0.955,0.045,0,0
200,800,430,47,0,1,0,0,0
200,800,430,47,1,0.966,0.034,0,0
200,800,440,47,0,1,0,0,0
200,800,440,47,1,0.984,0.016,0,0
200,800,450,47,0,1,0,0,0
200,800,450,47,1,0.995,0.005,0,0
200,800,460,47,0,1,0,0,0
200,800,460,47,1,0.996,0.004,0,0
200,800,470,47,0,1,0,0,0
200,800,470,47,1,1,0,0,0
200,800,480,47,0,1,0,0,0
200,800,480,47,1,1,0,0,0
200,800,490,47,0,1,0,0,0
200,800,490,47,1,1,0,0,0
200,800,500,47,0,1,0,0,0
200,800,500,47,1,1,0,0,0
200,900,130,47,0,0,0.141,0.859,0
200,900,130,47,1,0,0.27,0.73,0
200,900,140,47,0,0,0.027,0.973,0
200,900,140,47,1,0,0.3,0.7,0
200,900,150,47,0,0,0.003,0.997,0
200,900,150,47,1,0,0.449,0.551,0
200,900,160,47,0,0,0.004,0.996,0
200,900,160,47,1,0,0.616,0.384,0
200,900,170,47,0,0,0,1,0
200,900,170,47,1,0,0.738,0.262,0
200,900,180,47,0,0,0,1,0
200,900,180,47,1,0,0.779,0.221,0
200,900,190,47,0,0,0,1,0
200,900,190,47,1,0,0.744,0.256,0
200,900,200,47,0,0.002,0,0.992,0.006
200,900,200,47,1,0,0.663,0.337,0
200,900,210,47,0,0.014,0,0.973,0.013
200,900,210,47,1,0,0.569,0.431,0
200,900,220,47,0,0.071,0,0.86,0.069
200,900,220,47,1,0,0.452,0.548,0
200,900,230,47,0,0.242,0,0.666,0.092
200,900,230,47,1,0,0.386,0.614,0
200,900,240,47,0,0.51,0,0.394,0.096
200,900,240,47,1,0,0.321,0.679,0
200,900,250,47,0,0.758,0,0.182,0.06
200,900,250,47,1,0.002,0.273,0.725,0
200,900,260,47,0,0.917,0,0.066,0.017
200,900,260,47,1,0.008,0.316,0.676,0
200,900,270,47,0,0.979,0,0.012,0.009
200,900,270,47,1,0.006,0.342,0.652,0
200,900,280,47,0,0.995,0,0.004,0.001
200,900,280,47,1,0.012,0.358,0.63,0
200,900,290,47,0,1,0,0,0
200,900,290,47,1,0.018,0.42,0.562,0
200,900,300,47,0,1,0,0,0
200,900,300,47,1,0.026,0.502,0.472,0
200,900,310,47,0,1,0,0,0
200,900,310,47,1,0.059,0.549,0.392,0
200,900,320,47,0,1,0,0,0
200,900,320,47,1,0.08,0.577,0.343,0
200,900,330,47,0,1,0,0,0
200,900,330,47,1,0.127,0.639,0.234,0
200,900,340,47,0,1,0,0,0
200,900,340,47,1,0.184,0.627,0.189,0
200,900,350,47,0,1,0,0,0
200,900,350,47,1,0.291,0.592,0.117,0
200,900,360,47,0,1,0,0,0
200,900,360,47,1,0.386,0.534,0.08,0
200,900,370,47,0,1,0,0,0
200,900,370,47,1,0.517,0.442,0.041,0
200,900,380,47,0,1,0,0,0
200,900,380,47,1,0.617,0.369,0.014,0
200,900,390,47,0,1,0,0,0
200,900,390,47,1,0.743,0.254,0.003,0
200,900,400,47,0,1,0,0,0
200,900,400,47,1,0.841,0.155,0.004,0
200,900,410,47,0,1,0,0,0
200,900,410,47,1,0.899,0.099,0.002,0
200,900,420,47,0,1,0,0,0
200,900,420,47,1,0.925,0.075,0,0
200,900,430,47,0,1,0,0,0
200,900,430,47,1,0.963,0.037,0,0
200,900,440,47,0,1,0,0,0
200,900,440,47,1,0.983,0.017,0,0
200,900,450,47,0,1,0,0,0
200,900,450,47,1,0.992,0.008,0,0
200,900,460,47,0,1,0,0,0
200,900,460,47,1,0.998,0.002,0,0
200,900,470,47,0,1,0,0,0
200,900,470,47,1,0.998,0.002,0,0
200,900,480,47,0,1,0,0,0
200,900,480,47,1,1,0,0,0
200,900,490,47,0,1,0,0,0
200,900,490,47,1,1,0,0,0
200,900,500,47,0,1,0,0,0
200,900,500,47,1,1,0,0,0
200,1000,130,47,0,0,0.09,0.91,0
200,1000,130,47,1,0,0.139,0.861,0
200,1000,140,47,0,0,0.035,0.965,0
200,1000,140,47,1,0,0.057,0.943,0
200,1000,150,47,0,0,0.008,0.992,0
200,1000,150,47,1,0,0.072,0.928,0
200,1000,160,47,0,0,0.002,0.998,0
200,1000,160,47,1,0,0.089,0.911,0
200,1000,170,47,0,0,0.003,0.997,0
200,1000,170,47,1,0,0.19,0.81,0
200,1000,180,47,0,0,0,1,0
200,1000,180,47,1,0,0.299,0.701,0
200,1000,190,47,0,0,0,1,0
200,1000,190,47,1,0,0.414,0.586,0
200,1000,200,47,0,0,0,1,0
200,1000,200,47,1,0,0.536,0.464,0
200,1000,210,47,0,0.001,0,0.998,0.001
200,1000,210,47,1,0,0.634,0.366,0
200,1000,220,47,0,0.001,0,0.984,0.015
200,1000,220,47,1,0,0.683,0.317,0
200,1000,230,47,0,0.021,0,0.923,0.056
200,1000,230,47,1,0,0.711,0.283,0.006
200,1000,240,47,0,0.116,0,0.756,0.128
200,1000,240,47,1,0,0.708,0.269,0.023
200,1000,250,47,0,0.332,0,0.513,0.155
200,1000,250,47,1,0.007,0.694,0.28,0.019
200,1000,260,47,0,0.599,0,0.262,0.139
200,1000,260,47,1,0.027,0.65,0.293,0.03
200,1000,270,47,0,0.831,0,0.098,0.071
200,1000,270,47,1,0.054,0.64,0.289,0.017
200,1000,280,47,0,0.968,0,0.023,0.009
200,1000,280,47,1,0.099,0.598,0.296,0.007
200,1000,290,47,0,0.993,0,0.004,0.003
200,1000,290,47,1,0.13,0.572,0.294,0.004
200,1000,300,47,0,1,0,0,0
200,1000,300,47,1,0.123,0.583,0.294,0
200,1000,310,47,0,1,0,0,0
200,1000,310,47,1,0.118,0.593,0.289,0
200,1000,320,47,0,1,0,0,0
200,1000,320,47,1,0.138,0.607,0.255,0
200,1000,330,47,0,1,0,0,0
200,1000,330,47,1,0.179,0.6,0.221,0
200,1000,340,47,0,1,0,0,0
200,1000,340,47,1,0.21,0.651,0.139,0
200,1000,350,47,0,1,0,0,0
200,1000,350,47,1,0.31,0.591,0.099,0
200,1000,360,47,0,1,0,0,0
200,1000,360,47,1,0.404,0.525,0.071,0
200,1000,370,47,0,1,0,0,0
200,1000,370,47,1,0.532,0.412,0.056,0
200,1000,380,47,0,1,0,0,0
200,1000,380,47,1,0.621,0.363,0.016,0
200,1000,390,47,0,1,0,0,0
200,1000,390,47,1,0.727,0.259,0.014,0
200,1000,400,47,0,1,0,0,0
200,1000,400,47,1,0.828,0.164,0.008,0
200,1000,410,47,0,1,0,0,0
200,1000,410,47,1,0.882,0.115,0.003,0
200,1000,420,47,0,1,0,0,0
200,1000,420,47,1,0.939,0.061,0,0
200,1000,430,47,0,1,0,0,0
200,1000,430,47,1,0.959,0.041,0,0
200,1000,440,47,0,1,0,0,0
200,1000,440,47,1,0.982,0.018,0,0
200,1000,450,47,0,1,0,0,0
200,1000,450,47,1,0.987,0.013,0,0
200,1000,460,47,0,1,0,0,0
200,1000,460,47,1,0.997,0.003,0,0
200,1000,470,47,0,1,0,0,0
200,1000,470,47,1,1,0,0,0
200,1000,480,47,0,1,0,0,0
200,1000,480,47,1,0.999,0.001,0,0
200,1000,490,47,0,1,0,0,0
200,1000,490,47,1,1,0,0,0
200,1000,500,47,0,1,0,0,0
200,1000,500,47,1,1,0,0,0
300,400,130,47,0,0,0.194,0.805,0.001
300,400,130,47,1,0,0.905,0.095,0
300,400,140,47,0,0,0.03,0.944,0.026
300,400,140,47,1,0,0.748,0.243,0.009
300,400,150,47,0,0,0.004,0.844,0.152
300,400,150,47,1,0,0.665,0.302,0.033
300,400,160,47,0,0,0,0.531,0.469
300,400,160,47,1,0,0.548,0.341,0.111
300,400,170,47,0,0,0,0.239,0.761
300,400,170,47,1,0,0.526,0.276,0.198
300,400,180,47,0,0,0,0.069,0.931
300,400,180,47,1,0,0.44,0.246,0.314
300,400,190,47,0,0,0,0.021,0.979
300,400,190,47,1,0,0.437,0.189,0.374
300,400,200,47,0,0.002,0,0.002,0.996
300,400,200,47,1,0,0.396,0.178,0.426
300,400,210,47,0,0.006,0,0,0.994
300,400,210,47,1,0.002,0.365,0.155,0.478
300,400,220,47,0,0.045,0,0,0.955
300,400,220,47,1,0.008,0.345,0.135,0.512
300,400,230,47,0,0.219,0,0,0.781
300,400,230,47,1,0.065,0.289,0.087,0.559
300,400,240,47,0,0.519,0,0,0.481
300,400,240,47,1,0.189,0.2,0.053,0.558
300,400,250,47,0,0.797,0,0,0.203
300,400,250,47,1,0.416,0.134,0.022,0.428
300,400,260,47,0,0.954,0,0,0.046
300,400,260,47,1,0.628,0.092,0.006,0.274
300,400,270,47,0,0.991,0,0,0.009
300,400,270,47,1,0.789,0.035,0.001,0.175
300,400,280,47,0,1,0,0,0
300,400,280,47,1,0.887,0.022,0.003,0.088
300,400,290,47,0,1,0,0,0
300,400,290,47,1,0.938,0.022,0.001,0.039
300,400,300,47,0,1,0,0,0
300,400,300,47,1,0.943,0.031,0.001,0.025
300,400,310,47,0,1,0,0,0
300,400,310,47,1,0.945,0.04,0,0.015
300,400,320,47,0,1,0,0,0
300,400,320,47,1,0.928,0.067,0,0.005
300,400,330,47,0,1,0,0,0
300,400,330,47,1,0.902,0.096,0,0.002
300,400,340,47,0,1,0,0,0
300,400,340,47,1,0.867,0.133,0,0
300,400,350,47,0,1,0,0,0
300,400,350,47,1,0.801,0.199,0,0
300,400,360,47,0,1,0,0,0
300,400,360,47,1,0.733,0.267,0,0
300,400,370,47,0,1,0,0,0
300,400,370,47,1,0.706,0.294,0,0
300,400,380,47,0,1,0,0,0
300,400,380,47,1,0.693,0.307,0,0
300,400,390,47,0,1,0,0,0
300,400,390,47,1,0.713,0.287,0,0
300,400,400,47,0,1,0,0,0
300,400,400,47,1,0.743,0.257,0,0
300,400,410,47,0,1,0,0,0
300,400,410,47,1,0.793,0.207,0,0
300,400,420,47,0,1,0,0,0
300,400,420,47,1,0.83,0.17,0,0
300,400,430,47,0,1,0,0,0
300,400,430,47,1,0.891,0.109,0,0
300,400,440,47,0,1,0,0,0
300,400,440,47,1,0.939,0.061,0,0
300,400,450,47,0,1,0,0,0
300,400,450,47,1,0.966,0.034,0,0
300,400,460,47,0,1,0,0,0
300,400,460,47,1,0.978,0.022,0,0
300,400,470,47,0,1,0,0,0
300,400,470,47,1,0.993,0.007,0,0
300,400,480,47,0,1,0,0,0
300,400,480,47,1,0.992,0.008,0,0
300,400,490,47,0,1,0,0,0
300,400,490,47,1,0.998,0.002,0,0
300,400,500,47,0,1,0,0,0
300,400,500,47,1,0.998,0.002,0,0
300,500,130,47,0,0,0.15,0.85,0
300,500,130,47,1,0,0.782,0.218,0
300,500,140,47,0,0,0.022,0.977,0.001
300,500,140,47,1,0,0.527,0.473,0
300,500,150,47,0,0,0.003,0.98,0.017
300,500,150,47,1,0,0.329,0.66,0.011
300,500,160,47,0,0,0,0.872,0.128
300,500,160,47,1,0,0.251,0.695,0.054
300,500,170,47,0,0,0,0.595,0.405
300,500,170,47,1,0,0.23,0.606,0.164
300,500,180,47,0,0,0,0.329,0.671
300,500,180,47,1,0,0.179,0.494,0.327
300,500,190,47,0,0,0,0.111,0.889
300,500,190,47,1,0,0.201,0.338,0.461
300,500,200,47,0,0,0,0.027,0.973
300,500,200,47,1,0,0.187,0.246,0.567
300,500,210,47,0,0.007,0,0.004,0.989
300,500,210,47,1,0.002,0.157,0.167,0.674
300,500,220,47,0,0.03,0,0,0.97
300,500,220,47,1,0.012,0.106,0.122,0.76
300,500,230,47,0,0.14,0,0,0.86
300,500,230,47,1,0.095,0.106,0.073,0.726
300,500,240,47,0,0.381,0,0,0.619
300,500,240,47,1,0.232,0.073,0.036,0.659
300,500,250,47,0,0.689,0,0,0.311
300,500,250,47,1,0.488,0.05,0.027,0.435
300,500,260,47,0,0.896,0,0,0.104
300,500,260,47,1,0.69,0.027,0.027,0.256
300,500,270,47,0,0.973,0,0,0.027
300,500,270,47,1,0.86,0.018,0.017,0.105
300,500,280,47,0,0.998,0,0,0.002
300,500,280,47,1,0.905,0.011,0.024,0.06
300,500,290,47,0,1,0,0,0
300,500,290,47,1,0.929,0.009,0.022,0.04
300,500,300,47,0,1,0,0,0
300,500,300,47,1,0.938,0.028,0.012,0.022
300,500,310,47,0,1,0,0,0
300,500,310,47,1,0.941,0.031,0.004,0.024
300,500,320,47,0,1,0,0,0
300,500,320,47,1,0.92,0.071,0.004,0.005
300,500,330,47,0,1,0,0,0
300,500,330,47,1,0.907,0.09,0,0.003
300,500,340,47,0,1,0,0,0
300,500,340,47,1,0.835,0.164,0.001,0
300,500,350,47,0,1,0,0,0
300,500,350,47,1,0.8,0.2,0,0
300,500,360,47,0,1,0,0,0
300,500,360,47,1,0.757,0.243,0,0
300,500,370,47,0,1,0,0,0
300,500,370,47,1,0.7,0.3,0,0
300,500,380,47,0,1,0,0,0
300,500,380,47,1,0.699,0.301,0,0
300,500,390,47,0,1,0,0,0
300,500,390,47,1,0.682,0.318,0,0
300,500,400,47,0,1,0,0,0
300,500,400,47,1,0.742,0.258,0,0
300,500,410,47,0,1,0,0,0
300,500,410,47,1,0.8,0.2,0,0
300,500,420,47,0,1,0,0,0
300,500,420,47,1,0.854,0.146,0,0
300,500,430,47,0,1,0,0,0
300,500,430,47,1,0.906,0.094,0,0
300,500,440,47,0,1,0,0,0
300,500,440,47,1,0.937,0.063,0,0
300,500,450,47,0,1,0,0,0
300,500,450,47,1,0.973,0.027,0,0
300,500,460,47,0,1,0,0,0
300,500,460,47,1,0.983,0.017,0,0
300,500,470,47,0,1,0,0,0
300,500,470,47,1,0.989,0.011,0,0
300,500,480,47,0,1,0,0,0
300,500,480,47,1,0.998,0.002,0,0
300,500,490,47,0,1,0,0,0
300,500,490,47,1,0.998,0.002,0,0
300,500,500,47,0,1,0,0,0
300,500,500,47,1,0.999,0.001,0,0
300,600,130,47,0,0,0.117,0.883,0
300,600,130,47,1,0,0.761,0.239,0
300,600,140,47,0,0,0.016,0.984,0
300,600,140,47,1,0,0.46,0.54,0
300,600,150,47,0,0,0,1,0
300,600,150,47,1,0,0.22,0.779,0.001
300,600,160,47,0,0,0,0.994,0.006
300,600,160,47,1,0,0.076,0.919,0.005
300,600,170,47,0,0,0,0.912,0.088
300,600,170,47,1,0,0.033,0.887,0.08
300,600,180,47,0,0,0,0.673,0.327
300,600,180,47,1,0,0.01,0.762,0.228
300,600,190,47,0,0,0,0.383,0.617
300,600,190,47,1,0,0.016,0.483,0.501
300,600,200,47,0,0.001,0,0.162,0.837
300,600,200,47,1,0,0.004,0.262,0.734
300,600,210,47,0,0.004,0,0.042,0.954
300,600,210,47,1,0.002,0.009,0.146,0.843
300,600,220,47,0,0.032,0,0.013,0.955
300,600,220,47,1,0.02,0.001,0.088,0.891
300,600,230,47,0,0.135,0,0,0.865
300,600,230,47,1,0.136,0.005,0.084,0.775
300,600,240,47,0,0.329,0,0,0.671
300,600,240,47,1,0.293,0.005,0.05,0.652
300,600,250,47,0,0.613,0,0,0.387
300,600,250,47,1,0.53,0.003,0.06,0.407
300,600,260,47,0,0.829,0,0,0.171
300,600,260,47,1,0.768,0.004,0.062,0.166
300,600,270,47,0,0.954,0,0,0.046
300,600,270,47,1,0.849,0.005,0.082,0.064
300,600,280,47,0,0.993,0,0,0.007
300,600,280,47,1,0.867,0.015,0.102,0.016
300,600,290,47,0,0.999,0,0,0.001
300,600,290,47,1,0.878,0.014,0.095,0.013
300,600,300,47,0,1,0,0,0
300,600,300,47,1,0.851,0.025,0.101,0.023
300,600,310,47,0,1,0,0,0
300,600,310,47,1,0.864,0.04,0.087,0.009
300,600,320,47,0,1,0,0,0
300,600,320,47,1,0.867,0.077,0.05,0.006
300,600,330,47,0,1,0,0,0
300,600,330,47,1,0.845,0.112,0.04,0.003
300,600,340,47,0,1,0,0,0
300,600,340,47,1,0.845,0.14,0.015,0
300,600,350,47,0,1,0,0,0
300,600,350,47,1,0.802,0.195,0.003,0
300,600,360,47,0,1,0,0,0
300,600,360,47,1,0.726,0.271,0.003,0
300,600,370,47,0,1,0,0,0
300,600,370,47,1,0.713,0.287,0,0
300,600,380,47,0,1,0,0,0
300,600,380,47,1,0.695,0.305,0,0
300,600,390,47,0,1,0,0,0
300,600,390,47,1,0.717,0.283,0,0
300,600,400,47,0,1,0,0,0
300,600,400,47,1,0.748,0.252,0,0
300,600,410,47,0,1,0,0,0
300,600,410,47,1,0.797,0.203,0,0
300,600,420,47,0,1,0,0,0
300,600,420,47,1,0.837,0.163,0,0
300,600,430,47,0,1,0,0,0
300,600,430,47,1,0.894,0.106,0,0
300,600,440,47,0,1,0,0,0
300,600,440,47,1,0.931,0.069,0,0
300,600,450,47,0,1,0,0,0
300,600,450,47,1,0.956,0.044,0,0
300,600,460,47,0,1,0,0,0
300,600,460,47,1,0.978,0.022,0,0
300,600,470,47,0,1,0,0,0
300,600,470,47,1,0.996,0.004,0,0
300,600,480,47,0,1,0,0,0
300,600,480,47,1,0.997,0.003,0,0
300,600,490,47,0,1,0,0,0
300,600,490,47,1,0.998,0.002,0,0
300,600,500,47,0,1,0,0,0
300,600,500,47,1,1,0,0,0
300,700,130,47,0,0,0.1,0.9,0
300,700,130,47,1,0,0.736,0.264,0
300,700,140,47,0,0,0.015,0.985,0
300,700,140,47,1,0,0.467,0.533,0
300,700,150,47,0,0,0.005,0.995,0
300,700,150,47,1,0,0.24,0.76,0
300,700,160,47,0,0,0,0.998,0.002
300,700,160,47,1,0,0.096,0.903,0.001
300,700,170,47,0,0,0,0.984,0.016
300,700,170,47,1,0,0.028,0.958,0.014
300,700,180,47,0,0,0,0.932,0.068
300,700,180,47,1,0,0.013,0.929,0.058
300,700,190,47,0,0,0,0.739,0.261
300,700,190,47,1,0,0.003,0.784,0.213
300,700,200,47,0,0.001,0,0.432,0.567
300,700,200,47,1,0,0.001,0.539,0.46
300,700,210,47,0,0.001,0,0.203,0.796
300,700,210,47,1,0.001,0.001,0.336,0.662
300,700,220,47,0,0.013,0,0.056,0.931
300,700,220,47,1,0.007,0.001,0.213,0.779
300,700,230,47,0,0.052,0,0.019,0.929
300,700,230,47,1,0.041,0,0.157,0.802
300,700,240,47,0,0.185,0,0.005,0.81
300,700,240,47,1,0.153,0.002,0.139,0.706
300,700,250,47,0,0.427,0,0.001,0.572
300,700,250,47,1,0.318,0.005,0.179,0.498
300,700,260,47,0,0.69,0,0,0.31
300,700,260,47,1,0.551,0.008,0.163,0.278
300,700,270,47,0,0.894,0,0,0.106
300,700,270,47,1,0.732,0.006,0.171,0.091
300,700,280,47,0,0.985,0,0,0.015
300,700,280,47,1,0.759,0.004,0.217,0.02
300,700,290,47,0,1,0,0,0
300,700,290,47,1,0.736,0.018,0.242,0.004
300,700,300,47,0,1,0,0,0
300,700,300,47,1,0.709,0.027,0.262,0.002
300,700,310,47,0,1,0,0,0
300,700,310,47,1,0.694,0.031,0.271,0.004
300,700,320,47,0,1,0,0,0
300,700,320,47,1,0.675,0.073,0.246,0.006
300,700,330,47,0,1,0,0,0
300,700,330,47,1,0.721,0.09,0.184,0.005
300,700,340,47,0,1,0,0,0
300,700,340,47,1,0.731,0.137,0.13,0.002
300,700,350,47,0,1,0,0,0
300,700,350,47,1,0.749,0.192,0.059,0
300,700,360,47,0,1,0,0,0
300,700,360,47,1,0.748,0.233,0.019,0
300,700,370,47,0,1,0,0,0
300,700,370,47,1,0.721,0.273,0.006,0
300,700,380,47,0,1,0,0,0
300,700,380,47,1,0.685,0.312,0.003,0
300,700,390,47,0,1,0,0,0
300,700,390,47,1,0.706,0.293,0.001,0
300,700,400,47,0,1,0,0,0
300,700,400,47,1,0.726,0.274,0,0
300,700,410,47,0,1,0,0,0
300,700,410,47,1,0.794,0.206,0,0
300,700,420,47,0,1,0,0,0
300,700,420,47,1,0.841,0.159,0,0
300,700,430,47,0,1,0,0,0
300,700,430,47,1,0.904,0.096,0,0
300,700,440,47,0,1,0,0,0
300,700,440,47,1,0.933,0.067,0,0
300,700,450,47,0,1,0,0,0
300,700,450,47,1,0.953,0.047,0,0
300,700,460,47,0,1,0,0,0
300,700,460,47,1,0.981,0.019,0,0
300,700,470,47,0,1,0,0,0
300,700,470,47,1,0.981,0.019,0,0
300,700,480,47,0,1,0,0,0
300,700,480,47,1,0.997,0.003,0,0
300,700,490,47,0,1,0,0,0
300,700,490,47,1,0.998,0.002,0,0
300,700,500,47,0,1,0,0,0
300,700,500,47,1,1,0,0,0
300,800,130,47,0,0,0.092,0.908,0
300,800,130,47,1,0,0.556,0.444,0
300,800,140,47,0,0,0.007,0.993,0
300,800,140,47,1,0,0.525,0.475,0
300,800,150,47,0,0,0.001,0.999,0
300,800,150,47,1,0,0.426,0.574,0
300,800,160,47,0,0,0,1,0
300,800,160,47,1,0,0.218,0.782,0
300,800,170,47,0,0,0,1,0
300,800,170,47,1,0,0.095,0.905,0
300,800,180,47,0,0,0,0.996,0.004
300,800,180,47,1,0,0.029,0.967,0.004
300,800,190,47,0,0,0,0.954,0.046
300,800,190,47,1,0,0.015,0.977,0.008
300,800,200,47,0,0,0,0.831,0.169
300,800,200,47,1,0,0.002,0.899,0.099
300,800,210,47,0,0.001,0,0.568,0.431
300,800,210,47,1,0.002,0,0.715,0.283
300,800,220,47,0,0.016,0,0.281,0.703
300,800,220,47,1,0.024,0.002,0.515,0.459
300,800,230,47,0,0.103,0,0.095,0.802
300,800,230,47,1,0.093,0,0.367,0.54
300,800,240,47,0,0.311,0,0.023,0.666
300,800,240,47,1,0.227,0.001,0.331,0.441
300,800,250,47,0,0.6,0,0.005,0.395
300,800,250,47,1,0.45,0.002,0.326,0.222
300,800,260,47,0,0.849,0,0.001,0.15
300,800,260,47,1,0.588,0.003,0.316,0.093
300,800,270,47,0,0.965,0,0,0.035
300,800,270,47,1,0.62,0.005,0.357,0.018
300,800,280,47,0,0.992,0,0,0.008
300,800,280,47,1,0.62,0.008,0.372,0
300,800,290,47,0,1,0,0,0
300,800,290,47,1,0.591,0.016,0.393,0
300,800,300,47,0,1,0,0,0
300,800,300,47,1,0.525,0.016,0.457,0.002
300,800,310,47,0,1,0,0,0
300,800,310,47,1,0.531,0.035,0.433,0.001
300,800,320,47,0,1,0,0,0
300,800,320,47,1,0.453,0.06,0.483,0.004
300,800,330,47,0,1,0,0,0
300,800,330,47,1,0.445,0.127,0.426,0.002
300,800,340,47,0,1,0,0,0
300,800,340,47,1,0.457,0.164,0.379,0
300,800,350,47,0,1,0,0,0
300,800,350,47,1,0.533,0.219,0.247,0.001
300,800,360,47,0,1,0,0,0
300,800,360,47,1,0.601,0.259,0.14,0
300,800,370,47,0,1,0,0,0
300,800,370,47,1,0.676,0.266,0.058,0
300,800,380,47,0,1,0,0,0
300,800,380,47,1,0.67,0.308,0.022,0
300,800,390,47,0,1,0,0,0
300,800,390,47,1,0.723,0.269,0.008,0
300,800,400,47,0,1,0,0,0
300,800,400,47,1,0.757,0.241,0.002,0
300,800,410,47,0,1,0,0,0
300,800,410,47,1,0.794,0.205,0.001,0
300,800,420,47,0,1,0,0,0
300,800,420,47,1,0.841,0.159,0,0
300,800,430,47,0,1,0,0,0
300,800,430,47,1,0.902,0.098,0,0
300,800,440,47,0,1,0,0,0
300,800,440,47,1,0.94,0.06,0,0
300,800,450,47,0,1,0,0,0
300,800,450,47,1,0.97,0.03,0,0
300,800,460,47,0,1,0,0,0
300,800,460,47,1,0.98,0.02,0,0
300,800,470,47,0,1,0,0,0
300,800,470,47,1,0.994,0.006,0,0
300,800,480,47,0,1,0,0,0
300,800,480,47,1,0.996,0.004,0,0
300,800,490,47,0,1,0,0,0
300,800,490,47,1,0.998,0.002,0,0
300,800,500,47,0,1,0,0,0
300,800,500,47,1,0.999,0.001,0,0
300,900,130,47,0,0,0.051,0.949,0
300,900,130,47,1,0,0.291,0.709,0
300,900,140,47,0,0,0.012,0.988,0
300,900,140,47,1,0,0.304,0.696,0
300,900,150,47,0,0,0.002,0.998,0
300,900,150,47,1,0,0.421,0.579,0
300,900,160,47,0,0,0,1,0
300,900,160,47,1,0,0.448,0.552,0
300,900,170,47,0,0,0,1,0
300,900,170,47,1,0,0.393,0.607,0
300,900,180,47,0,0,0,0.998,0.002
300,900,180,47,1,0,0.251,0.749,0
300,900,190,47,0,0,0,0.995,0.005
300,900,190,47,1,0,0.17,0.83,0
300,900,200,47,0,0,0,0.953,0.047
300,900,200,47,1,0,0.104,0.896,0
300,900,210,47,0,0,0,0.822,0.178
300,900,210,47,1,0,0.046,0.948,0.006
300,900,220,47,0,0.003,0,0.617,0.38
300,900,220,47,1,0,0.02,0.947,0.033
300,900,230,47,0,0.01,0,0.318,0.672
300,900,230,47,1,0.002,0.015,0.876,0.107
300,900,240,47,0,0.049,0,0.132,0.819
300,900,240,47,1,0.008,0.011,0.784,0.197
300,900,250,47,0,0.145,0,0.052,0.803
300,900,250,47,1,0.048,0.007,0.686,0.259
300,900,260,47,0,0.368,0,0.009,0.623
300,900,260,47,1,0.179,0.009,0.593,0.219
300,900,270,47,0,0.641,0,0,0.359
300,900,270,47,1,0.269,0.01,0.622,0.099
300,900,280,47,0,0.885,0,0,0.115
300,900,280,47,1,0.361,0.008,0.59,0.041
300,900,290,47,0,0.967,0,0,0.033
300,900,290,47,1,0.368,0.02,0.605,0.007
300,900,300,47,0,0.996,0,0,0.004
300,900,300,47,1,0.347,0.03,0.623,0
300,900,310,47,0,1,0,0,0
300,900,310,47,1,0.325,0.038,0.636,0.001
300,900,320,47,0,1,0,0,0
300,900,320,47,1,0.251,0.061,0.687,0.001
300,900,330,47,0,1,0,0,0
300,900,330,47,1,0.261,0.129,0.609,0.001
300,900,340,47,0,1,0,0,0
300,900,340,47,1,0.261,0.15,0.587,0.002
300,900,350,47,0,1,0,0,0
300,900,350,47,1,0.329,0.204,0.467,0
300,900,360,47,0,1,0,0,0
300,900,360,47,1,0.383,0.256,0.361,0
300,900,370,47,0,1,0,0,0
300,900,370,47,1,0.5,0.266,0.234,0
300,900,380,47,0,1,0,0,0
300,900,380,47,1,0.562,0.308,0.13,0
300,900,390,47,0,1,0,0,0
300,900,390,47,1,0.668,0.285,0.047,0
300,900,400,47,0,1,0,0,0
300,900,400,47,1,0.738,0.246,0.016,0
300,900,410,47,0,1,0,0,0
300,900,410,47,1,0.793,0.205,0.002,0
300,900,420,47,0,1,0,0,0
300,900,420,47,1,0.846,0.152,0.002,0
300,900,430,47,0,1,0,0,0
300,900,430,47,1,0.895,0.105,0,0
300,900,440,47,0,1,0,0,0
300,900,440,47,1,0.935,0.065,0,0
300,900,450,47,0,1,0,0,0
300,900,450,47,1,0.958,0.042,0,0
300,900,460,47,0,1,0,0,0
300,900,460,47,1,0.985,0.015,0,0
300,900,470,47,0,1,0,0,0
300,900,470,47,1,0.995,0.005,0,0
300,900,480,47,0,1,0,0,0
300,900,480,47,1,0.996,0.004,0,0
300,900,490,47,0,1,0,0,0
300,900,490,47,1,0.999,0.001,0,0
300,900,500,47,0,1,0,0,0
300,900,500,47,1,0.999,0.001,0,0
300,1000,130,47,0,0,0.033,0.967,0
300,1000,130,47,1,0,0.109,0.891,0
300,1000,140,47,0,0,0.006,0.994,0
300,1000,140,47,1,0,0.043,0.957,0
300,1000,150,47,0,0,0.001,0.999,0
300,1000,150,47,1,0,0.096,0.904,0
300,1000,160,47,0,0,0,1,0
300,1000,160,47,1,0,0.172,0.828,0
300,1000,170,47,0,0,0,1,0
300,1000,170,47,1,0,0.292,0.708,0
300,1000,180,47,0,0,0,0.999,0.001
300,1000,180,47,1,0,0.354,0.646,0
300,1000,190,47,0,0,0,1,0
300,1000,190,47,1,0,0.397,0.603,0
300,1000,200,47,0,0,0,0.994,0.006
300,1000,200,47,1,0,0.401,0.599,0
300,1000,210,47,0,0.002,0,0.965,0.033
300,1000,210,47,1,0,0.389,0.611,0
300,1000,220,47,0,0.024,0,0.887,0.089
300,1000,220,47,1,0,0.333,0.666,0.001
300,1000,230,47,0,0.134,0,0.649,0.217
300,1000,230,47,1,0,0.254,0.745,0.001
300,1000,240,47,0,0.382,0,0.401,0.217
300,1000,240,47,1,0,0.241,0.759,0
300,1000,250,47,0,0.695,0,0.183,0.122
300,1000,250,47,1,0.002,0.219,0.777,0.002
300,1000,260,47,0,0.881,0,0.057,0.062
300,1000,260,47,1,0.006,0.19,0.802,0.002
300,1000,270,47,0,0.96,0,0.017,0.023
300,1000,270,47,1,0.018,0.146,0.835,0.001
300,1000,280,47,0,0.996,0,0.002,0.002
300,1000,280,47,1,0.034,0.145,0.821,0
300,1000,290,47,0,0.999,0,0.001,0
300,1000,290,47,1,0.064,0.128,0.807,0.001
300,1000,300,47,0,1,0,0,0
300,1000,300,47,1,0.095,0.1,0.805,0
300,1000,310,47,0,1,0,0,0
300,1000,310,47,1,0.1,0.101,0.799,0
300,1000,320,47,0,1,0,0,0
300,1000,320,47,1,0.113,0.107,0.78,0
300,1000,330,47,0,1,0,0,0
300,1000,330,47,1,0.116,0.114,0.77,0
300,1000,340,47,0,1,0,0,0
300,1000,340,47,1,0.134,0.157,0.709,0
300,1000,350,47,0,1,0,0,0
300,1000,350,47,1,0.167,0.201,0.632,0
300,1000,360,47,0,1,0,0,0
300,1000,360,47,1,0.237,0.263,0.5,0
300,1000,370,47,0,1,0,0,0
300,1000,370,47,1,0.33,0.284,0.386,0
300,1000,380,47,0,1,0,0,0
300,1000,380,47,1,0.474,0.292,0.234,0
300,1000,390,47,0,1,0,0,0
300,1000,390,47,1,0.562,0.275,0.163,0
300,1000,400,47,0,1,0,0,0
300,1000,400,47,1,0.686,0.254,0.06,0
300,1000,410,47,0,1,0,0,0
300,1000,410,47,1,0.784,0.194,0.022,0
300,1000,420,47,0,1,0,0,0
300,1000,420,47,1,0.836,0.161,0.003,0
300,1000,430,47,0,1,0,0,0
300,1000,430,47,1,0.896,0.102,0.002,0
300,1000,440,47,0,1,0,0,0
300,1000,440,47,1,0.915,0.083,0.002,0
300,1000,450,47,0,1,0,0,0
300,1000,450,47,1,0.966,0.034,0,0
300,1000,460,47,0,1,0,0,0
300,1000,460,47,1,0.98,0.02,0,0
300,1000,470,47,0,1,0,0,0
300,1000,470,47,1,0.989,0.011,0,0
300,1000,480,47,0,1,0,0,0
300,1000,480,47,1,0.993,0.007,0,0
300,1000,490,47,0,1,0,0,0
300,1000,490,47,1,1,0,0,0
300,1000,500,47,0,1,0,0,0
300,1000,500,47,1,0.999,0.001,0,0
400,500,130,47,0,0,0.084,0.915,0.001
400,500,130,47,1,0,0.714,0.286,0
400,500,140,47,0,0,0.003,0.973,0.024
400,500,140,47,1,0,0.452,0.543,0.005
400,500,150,47,0,0,0,0.87,0.13
400,500,150,47,1,0,0.27,0.696,0.034
400,500,160,47,0,0,0,0.573,0.427
400,500,160,47,1,0,0.171,0.725,0.104
400,500,170,47,0,0,0,0.243,0.757
400,500,170,47,1,0,0.133,0.621,0.246
400,500,180,47,0,0,0,0.079,0.921
400,500,180,47,1,0,0.111,0.52,0.369
400,500,190,47,0,0,0,0.017,0.983
400,500,190,47,1,0,0.067,0.421,0.512
400,500,200,47,0,0,0,0.003,0.997
400,500,200,47,1,0,0.065,0.373,0.562
400,500,210,47,0,0.001,0,0,0.999
400,500,210,47,1,0,0.065,0.307,0.628
400,500,220,47,0,0.02,0,0,0.98
400,500,220,47,1,0.003,0.069,0.277,0.651
400,500,230,47,0,0.097,0,0,0.903
400,500,230,47,1,0.018,0.071,0.268,0.643
400,500,240,47,0,0.316,0,0,0.684
400,500,240,47,1,0.082,0.102,0.215,0.601
400,500,250,47,0,0.651,0,0,0.349
400,500,250,47,1,0.166,0.096,0.167,0.571
400,500,260,47,0,0.866,0,0,0.134
400,500,260,47,1,0.313,0.071,0.067,0.549
400,500,270,47,0,0.976,0,0,0.024
400,500,270,47,1,0.469,0.059,0.027,0.445
400,500,280,47,0,0.996,0,0,0.004
400,500,280,47,1,0.68,0.026,0.004,0.29
400,500,290,47,0,1,0,0,0
400,500,290,47,1,0.85,0.015,0.002,0.133
400,500,300,47,0,1,0,0,0
400,500,300,47,1,0.938,0.008,0,0.054
400,500,310,47,0,1,0,0,0
400,500,310,47,1,0.991,0,0,0.009
400,500,320,47,0,1,0,0,0
400,500,320,47,1,0.995,0,0,0.005
400,500,330,47,0,1,0,0,0
400,500,330,47,1,0.998,0.001,0,0.001
400,500,340,47,0,1,0,0,0
400,500,340,47,1,0.998,0.002,0,0
400,500,350,47,0,1,0,0,0
400,500,350,47,1,0.981,0.019,0,0
400,500,360,47,0,1,0,0,0
400,500,360,47,1,0.98,0.02,0,0
400,500,370,47,0,1,0,0,0
400,500,370,47,1,0.96,0.04,0,0
400,500,380,47,0,1,0,0,0
400,500,380,47,1,0.941,0.059,0,0
400,500,390,47,0,1,0,0,0
400,500,390,47,1,0.916,0.084,0,0
400,500,400,47,0,1,0,0,0
400,500,400,47,1,0.914,0.086,0,0
400,500,410,47,0,1,0,0,0
400,500,410,47,1,0.895,0.105,0,0
400,500,420,47,0,1,0,0,0
400,500,420,47,1,0.87,0.13,0,0
400,500,430,47,0,1,0,0,0
400,500,430,47,1,0.886,0.114,0,0
400,500,440,47,0,1,0,0,0
400,500,440,47,1,0.904,0.096,0,0
400,500,450,47,0,1,0,0,0
400,500,450,47,1,0.906,0.094,0,0
400,500,460,47,0,1,0,0,0
400,500,460,47,1,0.944,0.056,0,0
400,500,470,47,0,1,0,0,0
400,500,470,47,1,0.965,0.035,0,0
400,500,480,47,0,1,0,0,0
400,500,480,47,1,0.977,0.023,0,0
400,500,490,47,0,1,0,0,0
400,500,490,47,1,0.984,0.016,0,0
400,500,500,47,0,1,0,0,0
400,500,500,47,1,0.991,0.009,0,0
400,600,130,47,0,0,0.054,0.946,0
400,600,130,47,1,0,0.558,0.442,0
400,600,140,47,0,0,0.002,0.997,0.001
400,600,140,47,1,0,0.28,0.719,0.001
400,600,150,47,0,0,0,0.982,0.018
400,600,150,47,1,0,0.16,0.839,0.001
400,600,160,47,0,0,0,0.902,0.098
400,600,160,47,1,0,0.133,0.857,0.01
400,600,170,47,0,0,0,0.619,0.381
400,600,170,47,1,0,0.142,0.771,0.087
400,600,180,47,0,0,0,0.313,0.687
400,600,180,47,1,0,0.124,0.712,0.164
400,600,190,47,0,0,0,0.137,0.863
400,600,190,47,1,0,0.113,0.624,0.263
400,600,200,47,0,0,0,0.024,0.976
400,600,200,47,1,0,0.099,0.615,0.286
400,600,210,47,0,0.001,0,0.005,0.994
400,600,210,47,1,0,0.111,0.489,0.4
400,600,220,47,0,0.011,0,0,0.989
400,600,220,47,1,0.004,0.087,0.459,0.45
400,600,230,47,0,0.057,0,0,0.943
400,600,230,47,1,0.017,0.089,0.37,0.524
400,600,240,47,0,0.243,0,0,0.757
400,600,240,47,1,0.068,0.084,0.288,0.56
400,600,250,47,0,0.518,0,0,0.482
400,600,250,47,1,0.184,0.061,0.204,0.551
400,600,260,47,0,0.794,0,0,0.206
400,600,260,47,1,0.343,0.06,0.125,0.472
400,600,270,47,0,0.941,0,0,0.059
400,600,270,47,1,0.547,0.039,0.065,0.349
400,600,280,47,0,0.992,0,0,0.008
400,600,280,47,1,0.72,0.018,0.029,0.233
400,600,290,47,0,1,0,0,0
400,600,290,47,1,0.865,0.014,0.009,0.112
400,600,300,47,0,1,0,0,0
400,600,300,47,1,0.957,0.005,0.002,0.036
400,600,310,47,0,1,0,0,0
400,600,310,47,1,0.983,0.002,0,0.015
400,600,320,47,0,1,0,0,0
400,600,320,47,1,0.994,0,0.003,0.003
400,600,330,47,0,1,0,0,0
400,600,330,47,1,0.994,0.004,0,0.002
400,600,340,47,0,1,0,0,0
400,600,340,47,1,0.997,0.002,0.001,0
400,600,350,47,0,1,0,0,0
400,600,350,47,1,0.988,0.012,0,0
400,600,360,47,0,1,0,0,0
400,600,360,47,1,0.984,0.016,0,0
400,600,370,47,0,1,0,0,0
400,600,370,47,1,0.964,0.036,0,0
400,600,380,47,0,1,0,0,0
400,600,380,47,1,0.931,0.069,0,0
400,600,390,47,0,1,0,0,0
400,600,390,47,1,0.92,0.08,0,0
400,600,400,47,0,1,0,0,0
400,600,400,47,1,0.924,0.076,0,0
400,600,410,47,0,1,0,0,0
400,600,410,47,1,0.878,0.122,0,0
400,600,420,47,0,1,0,0,0
400,600,420,47,1,0.88,0.12,0,0
400,600,430,47,0,1,0,0,0
400,600,430,47,1,0.878,0.122,0,0
400,600,440,47,0,1,0,0,0
400,600,440,47,1,0.889,0.111,0,0
400,600,450,47,0,1,0,0,0
400,600,450,47,1,0.909,0.091,0,0
400,600,460,47,0,1,0,0,0
400,600,460,47,1,0.93,0.07,0,0
400,600,470,47,0,1,0,0,0
400,600,470,47,1,0.952,0.048,0,0
400,600,480,47,0,1,0,0,0
400,600,480,47,1,0.979,0.021,0,0
400,600,490,47,0,1,0,0,0
400,600,490,47,1,0.983,0.017,0,0
400,600,500,47,0,1,0,0,0
400,600,500,47,1,0.994,0.006,0,0
400,700,130,47,0,0,0.048,0.952,0
400,700,130,47,1,0,0.506,0.494,0
400,700,140,47,0,0,0.008,0.992,0
400,700,140,47,1,0,0.208,0.792,0
400,700,150,47,0,0,0,1,0
400,700,150,47,1,0,0.054,0.946,0
400,700,160,47,0,0,0,0.989,0.011
400,700,160,47,1,0,0.018,0.975,0.007
400,700,170,47,0,0,0,0.907,0.093
400,700,170,47,1,0,0.017,0.934,0.049
400,700,180,47,0,0,0,0.718,0.282
400,700,180,47,1,0,0.014,0.784,0.202
400,700,190,47,0,0,0,0.406,0.594
400,700,190,47,1,0,0.018,0.556,0.426
400,700,200,47,0,0,0,0.152,0.848
400,700,200,47,1,0,0.022,0.369,0.609
400,700,210,47,0,0,0,0.045,0.955
400,700,210,47,1,0,0.014,0.244,0.742
400,700,220,47,0,0.005,0,0.002,0.993
400,700,220,47,1,0.006,0.012,0.166,0.816
400,700,230,47,0,0.038,0,0.001,0.961
400,700,230,47,1,0.029,0.008,0.117,0.846
400,700,240,47,0,0.138,0,0,0.862
400,700,240,47,1,0.145,0.01,0.075,0.77
400,700,250,47,0,0.394,0,0,0.606
400,700,250,47,1,0.342,0.007,0.03,0.621
400,700,260,47,0,0.677,0,0,0.323
400,700,260,47,1,0.549,0.002,0.035,0.414
400,700,270,47,0,0.886,0,0,0.114
400,700,270,47,1,0.777,0.003,0.021,0.199
400,700,280,47,0,0.977,0,0,0.023
400,700,280,47,1,0.907,0.002,0.007,0.084
400,700,290,47,0,0.998,0,0,0.002
400,700,290,47,1,0.965,0.001,0.009,0.025
400,700,300,47,0,1,0,0,0
400,700,300,47,1,0.981,0,0.008,0.011
400,700,310,47,0,1,0,0,0
400,700,310,47,1,0.982,0.001,0.011,0.006
400,700,320,47,0,1,0,0,0
400,700,320,47,1,0.989,0.001,0.009,0.001
400,700,330,47,0,1,0,0,0
400,700,330,47,1,0.986,0.005,0.009,0
400,700,340,47,0,1,0,0,0
400,700,340,47,1,0.992,0.003,0.005,0
400,700,350,47,0,1,0,0,0
400,700,350,47,1,0.983,0.016,0.001,0
400,700,360,47,0,1,0,0,0
400,700,360,47,1,0.977,0.023,0,0
400,700,370,47,0,1,0,0,0
400,700,370,47,1,0.958,0.042,0,0
400,700,380,47,0,1,0,0,0
400,700,380,47,1,0.947,0.053,0,0
400,700,390,47,0,1,0,0,0
400,700,390,47,1,0.913,0.087,0,0
400,700,400,47,0,1,0,0,0
400,700,400,47,1,0.887,0.113,0,0
400,700,410,47,0,1,0,0,0
400,700,410,47,1,0.906,0.094,0,0
400,700,420,47,0,1,0,0,0
400,700,420,47,1,0.876,0.124,0,0
400,700,430,47,0,1,0,0,0
400,700,430,47,1,0.883,0.117,0,0
400,700,440,47,0,1,0,0,0
400,700,440,47,1,0.889,0.111,0,0
400,700,450,47,0,1,0,0,0
400,700,450,47,1,0.88,0.12,0,0
400,700,460,47,0,1,0,0,0
400,700,460,47,1,0.931,0.069,0,0
400,700,470,47,0,1,0,0,0
400,700,470,47,1,0.955,0.045,0,0
400,700,480,47,0,1,0,0,0
400,700,480,47,1,0.971,0.029,0,0
400,700,490,47,0,1,0,0,0
400,700,490,47,1,0.985,0.015,0,0
400,700,500,47,0,1,0,0,0
400,700,500,47,1,0.994,0.006,0,0
400,800,130,47,0,0,0.036,0.964,0
400,800,130,47,1,0,0.445,0.555,0
400,800,140,47,0,0,0.003,0.997,0
400,800,140,47,1,0,0.273,0.727,0
400,800,150,47,0,0,0,1,0
400,800,150,47,1,0,0.11,0.889,0.001
400,800,160,47,0,0,0,1,0
400,800,160,47,1,0,0.027,0.973,0
400,800,170,47,0,0,0,0.988,0.012
400,800,170,47,1,0,0.004,0.991,0.005
400,800,180,47,0,0,0,0.927,0.073
400,800,180,47,1,0,0.001,0.928,0.071
400,800,190,47,0,0,0,0.75,0.25
400,800,190,47,1,0,0,0.753,0.247
400,800,200,47,0,0,0,0.469,0.531
400,800,200,47,1,0,0,0.485,0.515
400,800,210,47,0,0,0,0.226,0.774
400,800,210,47,1,0,0,0.217,0.783
400,800,220,47,0,0.003,0,0.068,0.929
400,800,220,47,1,0.003,0,0.089,0.908
400,800,230,47,0,0.018,0,0.012,0.97
400,800,230,47,1,0.02,0,0.031,0.949
400,800,240,47,0,0.085,0,0.003,0.912
400,800,240,47,1,0.08,0,0.019,0.901
400,800,250,47,0,0.264,0,0,0.736
400,800,250,47,1,0.248,0,0.008,0.744
400,800,260,47,0,0.54,0,0,0.46
400,800,260,47,1,0.537,0,0.011,0.452
400,800,270,47,0,0.811,0,0,0.189
400,800,270,47,1,0.804,0,0.017,0.179
400,800,280,47,0,0.952,0,0,0.048
400,800,280,47,1,0.933,0,0.019,0.048
400,800,290,47,0,0.993,0,0,0.007
400,800,290,47,1,0.965,0,0.028,0.007
400,800,300,47,0,1,0,0,0
400,800,300,47,1,0.963,0,0.035,0.002
400,800,310,47,0,1,0,0,0
400,800,310,47,1,0.967,0,0.032,0.001
400,800,320,47,0,1,0,0,0
400,800,320,47,1,0.954,0.001,0.043,0.002
400,800,330,47,0,1,0,0,0
400,800,330,47,1,0.95,0.002,0.046,0.002
400,800,340,47,0,1,0,0,0
400,800,340,47,1,0.945,0.003,0.052,0
400,800,350,47,0,1,0,0,0
400,800,350,47,1,0.949,0.014,0.037,0
400,800,360,47,0,1,0,0,0
400,800,360,47,1,0.966,0.018,0.016,0
400,800,370,47,0,1,0,0,0
400,800,370,47,1,0.95,0.041,0.009,0
400,800,380,47,0,1,0,0,0
400,800,380,47,1,0.941,0.055,0.004,0
400,800,390,47,0,1,0,0,0
400,800,390,47,1,0.925,0.074,0.001,0
400,800,400,47,0,1,0,0,0
400,800,400,47,1,0.893,0.107,0,0
400,800,410,47,0,1,0,0,0
400,800,410,47,1,0.874,0.126,0,0
400,800,420,47,0,1,0,0,0
400,800,420,47,1,0.87,0.13,0,0
400,800,430,47,0,1,0,0,0
400,800,430,47,1,0.869,0.131,0,0
400,800,440,47,0,1,0,0,0
400,800,440,47,1,0.896,0.104,0,0
400,800,450,47,0,1,0,0,0
400,800,450,47,1,0.919,0.081,0,0
400,800,460,47,0,1,0,0,0
400,800,460,47,1,0.928,0.072,0,0
400,800,470,47,0,1,0,0,0
400,800,470,47,1,0.956,0.044,0,0
400,800,480,47,0,1,0,0,0
400,800,480,47,1,0.975,0.025,0,0
400,800,490,47,0,1,0,0,0
400,800,490,47,1,0.978,0.022,0,0
400,800,500,47,0,1,0,0,0
400,800,500,47,1,0.993,0.007,0,0
400,900,130,47,0,0,0.028,0.972,0
400,900,130,47,1,0,0.229,0.771,0
400,900,140,47,0,0,0,1,0
400,900,140,47,1,0,0.205,0.795,0
400,900,150,47,0,0,0,1,0
400,900,150,47,1,0,0.173,0.827,0
400,900,160,47,0,0,0,1,0
400,900,160,47,1,0,0.105,0.895,0
400,900,170,47,0,0,0,1,0
400,900,170,47,1,0,0.071,0.929,0
400,900,180,47,0,0,0,0.99,0.01
400,900,180,47,1,0,0.015,0.985,0
400,900,190,47,0,0,0,0.958,0.042
400,900,190,47,1,0,0.007,0.972,0.021
400,900,200,47,0,0,0,0.83,0.17
400,900,200,47,1,0,0.001,0.905,0.094
400,900,210,47,0,0.001,0,0.583,0.416
400,900,210,47,1,0.001,0.001,0.763,0.235
400,900,220,47,0,0.012,0,0.311,0.677
400,900,220,47,1,0.009,0,0.514,0.477
400,900,230,47,0,0.068,0,0.119,0.813
400,900,230,47,1,0.055,0,0.311,0.634
400,900,240,47,0,0.215,0,0.026,0.759
400,900,240,47,1,0.207,0,0.165,0.628
400,900,250,47,0,0.499,0,0.007,0.494
400,900,250,47,1,0.468,0,0.117,0.415
400,900,260,47,0,0.746,0,0,0.254
400,900,260,47,1,0.75,0,0.072,0.178
400,900,270,47,0,0.928,0,0,0.072
400,900,270,47,1,0.865,0,0.063,0.072
400,900,280,47,0,0.988,0,0,0.012
400,900,280,47,1,0.932,0,0.051,0.017
400,900,290,47,0,0.996,0,0,0.004
400,900,290,47,1,0.933,0.001,0.063,0.003
400,900,300,47,0,1,0,0,0
400,900,300,47,1,0.917,0,0.083,0
400,900,310,47,0,1,0,0,0
400,900,310,47,1,0.89,0,0.11,0
400,900,320,47,0,1,0,0,0
400,900,320,47,1,0.879,0,0.121,0
400,900,330,47,0,1,0,0,0
400,900,330,47,1,0.872,0.004,0.124,0
400,900,340,47,0,1,0,0,0
400,900,340,47,1,0.83,0.007,0.163,0
400,900,350,47,0,1,0,0,0
400,900,350,47,1,0.827,0.017,0.156,0
400,900,360,47,0,1,0,0,0
400,900,360,47,1,0.864,0.019,0.117,0
400,900,370,47,0,1,0,0,0
400,900,370,47,1,0.891,0.03,0.079,0
400,900,380,47,0,1,0,0,0
400,900,380,47,1,0.885,0.059,0.056,0
400,900,390,47,0,1,0,0,0
400,900,390,47,1,0.905,0.075,0.02,0
400,900,400,47,0,1,0,0,0
400,900,400,47,1,0.901,0.094,0.005,0
400,900,410,47,0,1,0,0,0
400,900,410,47,1,0.889,0.109,0.002,0
400,900,420,47,0,1,0,0,0
400,900,420,47,1,0.872,0.128,0,0
400,900,430,47,0,1,0,0,0
400,900,430,47,1,0.884,0.114,0.002,0
400,900,440,47,0,1,0,0,0
400,900,440,47,1,0.898,0.102,0,0
400,900,450,47,0,1,0,0,0
400,900,450,47,1,0.915,0.085,0,0
400,900,460,47,0,1,0,0,0
400,900,460,47,1,0.929,0.071,0,0
400,900,470,47,0,1,0,0,0
400,900,470,47,1,0.954,0.046,0,0
400,900,480,47,0,1,0,0,0
400,900,480,47,1,0.97,0.03,0,0
400,900,490,47,0,1,0,0,0
400,900,490,47,1,0.982,0.018,0,0
400,900,500,47,0,1,0,0,0
400,900,500,47,1,0.994,0.006,0,0
400,1000,130,47,0,0,0.012,0.988,0
400,1000,130,47,1,0,0.097,0.903,0
400,1000,140,47,0,0,0.001,0.999,0
400,1000,140,47,1,0,0.062,0.938,0
400,1000,150,47,0,0,0,1,0
400,1000,150,47,1,0,0.112,0.888,0
400,1000,160,47,0,0,0,1,0
400,1000,160,47,1,0,0.099,0.901,0
400,1000,170,47,0,0,0,1,0
400,1000,170,47,1,0,0.102,0.898,0
400,1000,180,47,0,0,0,0.999,0.001
400,1000,180,47,1,0,0.12,0.88,0
400,1000,190,47,0,0,0,0.989,0.011
400,1000,190,47,1,0,0.072,0.928,0
400,1000,200,47,0,0,0,0.948,0.052
400,1000,200,47,1,0,0.048,0.952,0
400,1000,210,47,0,0,0,0.818,0.182
400,1000,210,47,1,0,0.032,0.965,0.003
400,1000,220,47,0,0.001,0,0.599,0.4
400,1000,220,47,1,0,0.022,0.959,0.019
400,1000,230,47,0,0.004,0,0.352,0.644
400,1000,230,47,1,0,0.017,0.933,0.05
400,1000,240,47,0,0.014,0,0.136,0.85
400,1000,240,47,1,0.002,0.014,0.876,0.108
400,1000,250,47,0,0.086,0,0.033,0.881
400,1000,250,47,1,0.019,0.005,0.781,0.195
400,1000,260,47,0,0.218,0,0.008,0.774
400,1000,260,47,1,0.101,0.004,0.703,0.192
400,1000,270,47,0,0.499,0,0,0.501
400,1000,270,47,1,0.259,0.007,0.559,0.175
400,1000,280,47,0,0.734,0,0.002,0.264
400,1000,280,47,1,0.458,0.008,0.459,0.075
400,1000,290,47,0,0.93,0,0,0.07
400,1000,290,47,1,0.561,0.005,0.415,0.019
400,1000,300,47,0,0.985,0,0,0.015
400,1000,300,47,1,0.634,0.005,0.36,0.001
400,1000,310,47,0,0.999,0,0,0.001
400,1000,310,47,1,0.7,0.004,0.295,0.001
400,1000,320,47,0,1,0,0,0
400,1000,320,47,1,0.696,0.007,0.297,0
400,1000,330,47,0,1,0,0,0
400,1000,330,47,1,0.672,0.01,0.317,0.001
400,1000,340,47,0,1,0,0,0
400,1000,340,47,1,0.661,0.009,0.328,0.002
400,1000,350,47,0,1,0,0,0
400,1000,350,47,1,0.641,0.014,0.344,0.001
400,1000,360,47,0,1,0,0,0
400,1000,360,47,1,0.653,0.018,0.329,0
400,1000,370,47,0,1,0,0,0
400,1000,370,47,1,0.674,0.043,0.283,0
400,1000,380,47,0,1,0,0,0
400,1000,380,47,1,0.755,0.052,0.193,0
400,1000,390,47,0,1,0,0,0
400,1000,390,47,1,0.759,0.086,0.155,0
400,1000,400,47,0,1,0,0,0
400,1000,400,47,1,0.828,0.101,0.071,0
400,1000,410,47,0,1,0,0,0
400,1000,410,47,1,0.856,0.111,0.033,0
400,1000,420,47,0,1,0,0,0
400,1000,420,47,1,0.851,0.137,0.012,0
400,1000,430,47,0,1,0,0,0
400,1000,430,47,1,0.872,0.125,0.003,0
400,1000,440,47,0,1,0,0,0
400,1000,440,47,1,0.885,0.115,0,0
400,1000,450,47,0,1,0,0,0
400,1000,450,47,1,0.913,0.087,0,0
400,1000,460,47,0,1,0,0,0
400,1000,460,47,1,0.926,0.074,0,0
400,1000,470,47,0,1,0,0,0
400,1000,470,47,1,0.965,0.035,0,0
400,1000,480,47,0,1,0,0,0
400,1000,480,47,1,0.975,0.025,0,0
400,1000,490,47,0,1,0,0,0
400,1000,490,47,1,0.987,0.013,0,0
400,1000,500,47,0,1,0,0,0
400,1000,500,47,1,0.993,0.007,0,0
500,600,130,47,0,0,0.027,0.973,0
500,600,130,47,1,0,0.434,0.566,0
500,600,140,47,0,0,0,0.983,0.017
500,600,140,47,1,0,0.139,0.854,0.007
500,600,150,47,0,0,0,0.865,0.135
500,600,150,47,1,0,0.043,0.934,0.023
500,600,160,47,0,0,0,0.601,0.399
500,600,160,47,1,0,0.012,0.873,0.115
500,600,170,47,0,0,0,0.293,0.707
500,600,170,47,1,0,0.002,0.761,0.237
500,600,180,47,0,0,0,0.064,0.936
500,600,180,47,1,0,0.002,0.642,0.356
500,600,190,47,0,0,0,0.025,0.975
500,600,190,47,1,0,0,0.551,0.449
500,600,200,47,0,0,0,0.003,0.997
500,600,200,47,1,0,0,0.445,0.555
500,600,210,47,0,0,0,0.001,0.999
500,600,210,47,1,0,0.001,0.325,0.674
500,600,220,47,0,0.001,0,0,0.999
500,600,220,47,1,0.001,0,0.246,0.753
500,600,230,47,0,0.042,0,0,0.958
500,600,230,47,1,0.022,0,0.172,0.806
500,600,240,47,0,0.19,0,0,0.81
500,600,240,47,1,0.092,0,0.181,0.727
500,600,250,47,0,0.476,0,0,0.524
500,600,250,47,1,0.189,0,0.158,0.653
500,600,260,47,0,0.767,0,0,0.233
500,600,260,47,1,0.265,0,0.128,0.607
500,600,270,47,0,0.935,0,0,0.065
500,600,270,47,1,0.37,0,0.073,0.557
500,600,280,47,0,0.997,0,0,0.003
500,600,280,47,1,0.406,0,0.035,0.559
500,600,290,47,0,1,0,0,0
500,600,290,47,1,0.558,0,0.014,0.428
500,600,300,47,0,1,0,0,0
500,600,300,47,1,0.719,0,0.001,0.28
500,600,310,47,0,1,0,0,0
500,600,310,47,1,0.886,0,0.001,0.113
500,600,320,47,0,1,0,0,0
500,600,320,47,1,0.961,0,0,0.039
500,600,330,47,0,1,0,0,0
500,600,330,47,1,0.994,0,0,0.006
500,600,340,47,0,1,0,0,0
500,600,340,47,1,0.998,0,0,0.002
500,600,350,47,0,1,0,0,0
500,600,350,47,1,1,0,0,0
500,600,360,47,0,1,0,0,0
500,600,360,47,1,1,0,0,0
500,600,370,47,0,1,0,0,0
500,600,370,47,1,1,0,0,0
500,600,380,47,0,1,0,0,0
500,600,380,47,1,1,0,0,0
500,600,390,47,0,1,0,0,0
500,600,390,47,1,1,0,0,0
500,600,400,47,0,1,0,0,0
500,600,400,47,1,1,0,0,0
500,600,410,47,0,1,0,0,0
500,600,410,47,1,1,0,0,0
500,600,420,47,0,1,0,0,0
500,600,420,47,1,1,0,0,0
500,600,430,47,0,1,0,0,0
500,600,430,47,1,1,0,0,0
500,600,440,47,0,1,0,0,0
500,600,440,47,1,1,0,0,0
500,600,450,47,0,1,0,0,0
500,600,450,47,1,1,0,0,0
500,600,460,47,0,1,0,0,0
500,600,460,47,1,1,0,0,0
500,600,470,47,0,1,0,0,0
500,600,470,47,1,1,0,0,0
500,600,480,47,0,1,0,0,0
500,600,480,47,1,1,0,0,0
500,600,490,47,0,1,0,0,0
500,600,490,47,1,1,0,0,0
500,600,500,47,0,1,0,0,0
500,600,500,47,1,1,0,0,0
500,700,130,47,0,0,0.027,0.973,0
500,700,130,47,1,0,0.331,0.669,0
500,700,140,47,0,0,0,0.998,0.002
500,700,140,47,1,0,0.081,0.919,0
500,700,150,47,0,0,0,0.982,0.018
500,700,150,47,1,0,0.017,0.98,0.003
500,700,160,47,0,0,0,0.894,0.106
500,700,160,47,1,0,0.005,0.985,0.01
500,700,170,47,0,0,0,0.635,0.365
500,700,170,47,1,0,0.005,0.937,0.058
500,700,180,47,0,0,0,0.31,0.69
500,700,180,47,1,0,0.001,0.864,0.135
500,700,190,47,0,0,0,0.1,0.9
500,700,190,47,1,0,0,0.735,0.265
500,700,200,47,0,0,0,0.037,0.963
500,700,200,47,1,0,0,0.652,0.348
500,700,210,47,0,0,0,0.003,0.997
500,700,210,47,1,0,0,0.608,0.392
500,700,220,47,0,0.004,0,0,0.996
500,700,220,47,1,0.001,0,0.556,0.443
500,700,230,47,0,0.025,0,0,0.975
500,700,230,47,1,0.002,0,0.523,0.475
500,700,240,47,0,0.129,0,0,0.871
500,700,240,47,1,0.04,0,0.447,0.513
500,700,250,47,0,0.348,0,0,0.652
500,700,250,47,1,0.091,0,0.385,0.524
500,700,260,47,0,0.648,0,0,0.352
500,700,260,47,1,0.177,0,0.334,0.489
500,700,270,47,0,0.867,0,0,0.133
500,700,270,47,1,0.261,0,0.254,0.485
500,700,280,47,0,0.975,0,0,0.025
500,700,280,47,1,0.424,0,0.113,0.463
500,700,290,47,0,0.995,0,0,0.005
500,700,290,47,1,0.577,0,0.054,0.369
500,700,300,47,0,1,0,0,0
500,700,300,47,1,0.751,0,0.021,0.228
500,700,310,47,0,1,0,0,0
500,700,310,47,1,0.872,0,0.01,0.118
500,700,320,47,0,1,0,0,0
500,700,320,47,1,0.966,0,0.002,0.032
500,700,330,47,0,1,0,0,0
500,700,330,47,1,0.998,0,0,0.002
500,700,340,47,0,1,0,0,0
500,700,340,47,1,0.997,0,0,0.003
500,700,350,47,0,1,0,0,0
500,700,350,47,1,1,0,0,0
500,700,360,47,0,1,0,0,0
500,700,360,47,1,1,0,0,0
500,700,370,47,0,1,0,0,0
500,700,370,47,1,1,0,0,0
500,700,380,47,0,1,0,0,0
500,700,380,47,1,1,0,0,0
500,700,390,47,0,1,0,0,0
500,700,390,47,1,1,0,0,0
500,700,400,47,0,1,0,0,0
500,700,400,47,1,1,0,0,0
500,700,410,47,0,1,0,0,0
500,700,410,47,1,1,0,0,0
500,700,420,47,0,1,0,0,0
500,700,420,47,1,1,0,0,0
500,700,430,47,0,1,0,0,0
500,700,430,47,1,1,0,0,0
500,700,440,47,0,1,0,0,0
500,700,440,47,1,1,0,0,0
500,700,450,47,0,1,0,0,0
500,700,450,47,1,1,0,0,0
500,700,460,47,0,1,0,0,0
500,700,460,47,1,1,0,0,0
500,700,470,47,0,1,0,0,0
500,700,470,47,1,1,0,0,0
500,700,480,47,0,1,0,0,0
500,700,480,47,1,1,0,0,0
500,700,490,47,0,1,0,0,0
500,700,490,47,1,1,0,0,0
500,700,500,47,0,1,0,0,0
500,700,500,47,1,1,0,0,0
500,800,130,47,0,0,0.011,0.989,0
500,800,130,47,1,0,0.266,0.734,0
500,800,140,47,0,0,0.001,0.999,0
500,800,140,47,1,0,0.086,0.914,0
500,800,150,47,0,0,0,0.998,0.002
500,800,150,47,1,0,0.017,0.983,0
500,800,160,47,0,0,0,0.993,0.007
500,800,160,47,1,0,0.005,0.992,0.003
500,800,170,47,0,0,0,0.912,0.088
500,800,170,47,1,0,0,0.962,0.038
500,800,180,47,0,0,0,0.745,0.255
500,800,180,47,1,0,0,0.822,0.178
500,800,190,47,0,0,0,0.404,0.596
500,800,190,47,1,0,0,0.68,0.32
500,800,200,47,0,0,0,0.167,0.833
500,800,200,47,1,0,0,0.593,0.407
500,800,210,47,0,0,0,0.048,0.952
500,800,210,47,1,0,0,0.543,0.457
500,800,220,47,0,0.004,0,0.005,0.991
500,800,220,47,1,0.002,0,0.465,0.533
500,800,230,47,0,0.01,0,0.002,0.988
500,800,230,47,1,0.008,0,0.402,0.59
500,800,240,47,0,0.075,0,0.001,0.924
500,800,240,47,1,0.026,0,0.319,0.655
500,800,250,47,0,0.234,0,0,0.766
500,800,250,47,1,0.104,0,0.246,0.65
500,800,260,47,0,0.496,0,0,0.504
500,800,260,47,1,0.261,0,0.183,0.556
500,800,270,47,0,0.799,0,0,0.201
500,800,270,47,1,0.464,0,0.148,0.388
500,800,280,47,0,0.938,0,0,0.062
500,800,280,47,1,0.634,0,0.091,0.275
500,800,290,47,0,0.988,0,0,0.012
500,800,290,47,1,0.776,0,0.043,0.181
500,800,300,47,0,0.998,0,0,0.002
500,800,300,47,1,0.879,0,0.027,0.094
500,800,310,47,0,1,0,0,0
500,800,310,47,1,0.935,0,0.013,0.052
500,800,320,47,0,1,0,0,0
500,800,320,47,1,0.976,0,0.005,0.019
500,800,330,47,0,1,0,0,0
500,800,330,47,1,0.996,0,0,0.004
500,800,340,47,0,1,0,0,0
500,800,340,47,1,0.998,0,0,0.002
500,800,350,47,0,1,0,0,0
500,800,350,47,1,0.999,0,0.001,0
500,800,360,47,0,1,0,0,0
500,800,360,47,1,1,0,0,0
500,800,370,47,0,1,0,0,0
500,800,370,47,1,1,0,0,0
500,800,380,47,0,1,0,0,0
500,800,380,47,1,1,0,0,0
500,800,390,47,0,1,0,0,0
500,800,390,47,1,1,0,0,0
500,800,400,47,0,1,0,0,0
500,800,400,47,1,1,0,0,0
500,800,410,47,0,1,0,0,0
500,800,410,47,1,1,0,0,0
500,800,420,47,0,1,0,0,0
500,800,420,47,1,1,0,0,0
500,800,430,47,0,1,0,0,0
500,800,430,47,1,1,0,0,0
500,800,440,47,0,1,0,0,0
500,800,440,47,1,1,0,0,0
500,800,450,47,0,1,0,0,0
500,800,450,47,1,1,0,0,0
500,800,460,47,0,1,0,0,0
500,800,460,47,1,1,0,0,0
500,800,470,47,0,1,0,0,0
500,800,470,47,1,1,0,0,0
500,800,480,47,0,1,0,0,0
500,800,480,47,1,1,0,0,0
500,800,490,47,0,1,0,0,0
500,800,490,47,1,1,0,0,0
500,800,500,47,0,1,0,0,0
500,800,500,47,1,1,0,0,0
500,900,130,47,0,0,0.007,0.993,0
500,900,130,47,1,0,0.165,0.835,0
500,900,140,47,0,0,0,1,0
500,900,140,47,1,0,0.06,0.94,0
500,900,150,47,0,0,0,1,0
500,900,150,47,1,0,0.022,0.978,0
500,900,160,47,0,0,0,0.999,0.001
500,900,160,47,1,0,0.002,0.998,0
500,900,170,47,0,0,0,0.99,0.01
500,900,170,47,1,0,0,0.991,0.009
500,900,180,47,0,0,0,0.928,0.072
500,900,180,47,1,0,0,0.952,0.048
500,900,190,47,0,0,0,0.728,0.272
500,900,190,47,1,0,0,0.793,0.207
500,900,200,47,0,0,0,0.47,0.53
500,900,200,47,1,0,0,0.521,0.479
500,900,210,47,0,0,0,0.201,0.799
500,900,210,47,1,0,0,0.252,0.748
500,900,220,47,0,0.001,0,0.059,0.94
500,900,220,47,1,0.001,0,0.095,0.904
500,900,230,47,0,0.011,0,0.016,0.973
500,900,230,47,1,0.01,0,0.029,0.961
500,900,240,47,0,0.044,0,0.001,0.955
500,900,240,47,1,0.049,0,0.009,0.942
500,900,250,47,0,0.175,0,0,0.825
500,900,250,47,1,0.167,0,0.01,0.823
500,900,260,47,0,0.425,0,0,0.575
500,900,260,47,1,0.415,0,0.003,0.582
500,900,270,47,0,0.708,0,0,0.292
500,900,270,47,1,0.676,0,0.003,0.321
500,900,280,47,0,0.905,0,0,0.095
500,900,280,47,1,0.891,0,0.001,0.108
500,900,290,47,0,0.98,0,0,0.02
500,900,290,47,1,0.972,0,0.002,0.026
500,900,300,47,0,0.998,0,0,0.002
500,900,300,47,1,0.996,0,0.001,0.003
500,900,310,47,0,1,0,0,0
500,900,310,47,1,0.999,0,0,0.001
500,900,320,47,0,1,0,0,0
500,900,320,47,1,1,0,0,0
500,900,330,47,0,1,0,0,0
500,900,330,47,1,0.998,0,0.001,0.001
500,900,340,47,0,1,0,0,0
500,900,340,47,1,0.997,0,0.003,0
500,900,350,47,0,1,0,0,0
500,900,350,47,1,0.999,0,0.001,0
500,900,360,47,0,1,0,0,0
500,900,360,47,1,0.995,0,0.005,0
500,900,370,47,0,1,0,0,0
500,900,370,47,1,1,0,0,0
500,900,380,47,0,1,0,0,0
500,900,380,47,1,0.999,0,0.001,0
500,900,390,47,0,1,0,0,0
500,900,390,47,1,1,0,0,0
500,900,400,47,0,1,0,0,0
500,900,400,47,1,1,0,0,0
500,900,410,47,0,1,0,0,0
500,900,410,47,1,1,0,0,0
500,900,420,47,0,1,0,0,0
500,900,420,47,1,1,0,0,0
500,900,430,47,0,1,0,0,0
500,900,430,47,1,1,0,0,0
500,900,440,47,0,1,0,0,0
500,900,440,47,1,1,0,0,0
500,900,450,47,0,1,0,0,0
500,900,450,47,1,1,0,0,0
500,900,460,47,0,1,0,0,0
500,900,460,47,1,1,0,0,0
500,900,470,47,0,1,0,0,0
500,900,470,47,1,1,0,0,0
500,900,480,47,0,1,0,0,0
500,900,480,47,1,1,0,0,0
500,900,490,47,0,1,0,0,0
500,900,490,47,1,1,0,0,0
500,900,500,47,0,1,0,0,0
500,900,500,47,1,1,0,0,0
500,1000,130,47,0,0,0.011,0.989,0
500,1000,130,47,1,0,0.1,0.9,0
500,1000,140,47,0,0,0.001,0.999,0
500,1000,140,47,1,0,0.028,0.972,0
500,1000,150,47,0,0,0,1,0
500,1000,150,47,1,0,0.014,0.986,0
500,1000,160,47,0,0,0,1,0
500,1000,160,47,1,0,0.009,0.991,0
500,1000,170,47,0,0,0,0.999,0.001
500,1000,170,47,1,0,0.002,0.998,0
500,1000,180,47,0,0,0,0.998,0.002
500,1000,180,47,1,0,0,1,0
500,1000,190,47,0,0,0,0.961,0.039
500,1000,190,47,1,0,0,0.996,0.004
500,1000,200,47,0,0,0,0.836,0.164
500,1000,200,47,1,0,0,0.962,0.038
500,1000,210,47,0,0,0,0.581,0.419
500,1000,210,47,1,0,0,0.882,0.118
500,1000,220,47,0,0.002,0,0.257,0.741
500,1000,220,47,1,0.002,0,0.674,0.324
500,1000,230,47,0,0.023,0,0.116,0.861
500,1000,230,47,1,0.02,0,0.475,0.505
500,1000,240,47,0,0.087,0,0.026,0.887
500,1000,240,47,1,0.112,0,0.303,0.585
500,1000,250,47,0,0.285,0,0.005,0.71
500,1000,250,47,1,0.285,0,0.232,0.483
500,1000,260,47,0,0.609,0,0,0.391
500,1000,260,47,1,0.547,0,0.143,0.31
500,1000,270,47,0,0.834,0,0,0.166
500,1000,270,47,1,0.775,0,0.097,0.128
500,1000,280,47,0,0.953,0,0,0.047
500,1000,280,47,1,0.87,0,0.077,0.053
500,1000,290,47,0,0.988,0,0,0.012
500,1000,290,47,1,0.951,0,0.046,0.003
500,1000,300,47,0,0.999,0,0,0.001
500,1000,300,47,1,0.948,0,0.051,0.001
500,1000,310,47,0,0.999,0,0,0.001
500,1000,310,47,1,0.968,0,0.032,0
500,1000,320,47,0,1,0,0,0
500,1000,320,47,1,0.979,0,0.021,0
500,1000,330,47,0,1,0,0,0
500,1000,330,47,1,0.982,0,0.016,0.002
500,1000,340,47,0,1,0,0,0
500,1000,340,47,1,0.98,0,0.02,0
500,1000,350,47,0,1,0,0,0
500,1000,350,47,1,0.98,0,0.02,0
500,1000,360,47,0,1,0,0,0
500,1000,360,47,1,0.975,0,0.025,0
500,1000,370,47,0,1,0,0,0
500,1000,370,47,1,0.984,0,0.016,0
500,1000,380,47,0,1,0,0,0
500,1000,380,47,1,0.984,0,0.016,0
500,1000,390,47,0,1,0,0,0
500,1000,390,47,1,0.998,0,0.002,0
500,1000,400,47,0,1,0,0,0
500,1000,400,47,1,0.995,0,0.005,0
500,1000,410,47,0,1,0,0,0
500,1000,410,47,1,0.995,0,0.005,0
500,1000,420,47,0,1,0,0,0
500,1000,420,47,1,1,0,0,0
500,1000,430,47,0,1,0,0,0
500,1000,430,47,1,0.999,0,0.001,0
500,1000,440,47,0,1,0,0,0
500,1000,440,47,1,1,0,0,0
500,1000,450,47,0,1,0,0,0
500,1000,450,47,1,1,0,0,0
500,1000,460,47,0,1,0,0,0
500,1000,460,47,1,1,0,0,0
500,1000,470,47,0,1,0,0,0
500,1000,470,47,1,1,0,0,0
500,1000,480,47,0,1,0,0,0
500,1000,480,47,1,1,0,0,0
500,1000,490,47,0,1,0,0,0
500,1000,490,47,1,1,0,0,0
500,1000,500,47,0,1,0,0,0
500,1000,500,47,1,1,0,0,0
600,700,130,47,0,0,0.011,0.988,0.001
600,700,130,47,1,0,0.232,0.768,0
600,700,140,47,0,0,0,0.986,0.014
600,700,140,47,1,0,0.033,0.966,0.001
600,700,150,47,0,0,0,0.864,0.136
600,700,150,47,1,0,0.008,0.959,0.033
600,700,160,47,0,0,0,0.599,0.401
600,700,160,47,1,0,0.002,0.901,0.097
600,700,170,47,0,0,0,0.257,0.743
600,700,170,47,1,0,0,0.812,0.188
600,700,180,47,0,0,0,0.081,0.919
600,700,180,47,1,0,0,0.663,0.337
600,700,190,47,0,0,0,0.017,0.983
600,700,190,47,1,0,0,0.623,0.377
600,700,200,47,0,0,0,0.002,0.998
600,700,200,47,1,0,0,0.521,0.479
600,700,210,47,0,0,0,0,1
600,700,210,47,1,0,0,0.449,0.551
600,700,220,47,0,0.001,0,0,0.999
600,700,220,47,1,0,0,0.335,0.665
600,700,230,47,0,0.011,0,0,0.989
600,700,230,47,1,0.008,0,0.232,0.76
600,700,240,47,0,0.081,0,0,0.919
600,700,240,47,1,0.05,0,0.137,0.813
600,700,250,47,0,0.28,0,0,0.72
600,700,250,47,1,0.202,0,0.094,0.704
600,700,260,47,0,0.596,0,0,0.404
600,700,260,47,1,0.405,0,0.049,0.546
600,700,270,47,0,0.849,0,0,0.151
600,700,270,47,1,0.516,0,0.057,0.427
600,700,280,47,0,0.967,0,0,0.033
600,700,280,47,1,0.528,0,0.033,0.439
600,700,290,47,0,0.996,0,0,0.004
600,700,290,47,1,0.508,0,0.013,0.479
600,700,300,47,0,1,0,0,0
600,700,300,47,1,0.562,0,0.002,0.436
600,700,310,47,0,1,0,0,0
600,700,310,47,1,0.67,0,0.001,0.329
600,700,320,47,0,1,0,0,0
600,700,320,47,1,0.824,0,0.001,0.175
600,700,330,47,0,1,0,0,0
600,700,330,47,1,0.944,0,0,0.056
600,700,340,47,0,1,0,0,0
600,700,340,47,1,0.984,0,0,0.016
600,700,350,47,0,1,0,0,0
600,700,350,47,1,0.996,0,0,0.004
600,700,360,47,0,1,0,0,0
600,700,360,47,1,0.999,0,0,0.001
600,700,370,47,0,1,0,0,0
600,700,370,47,1,1,0,0,0
600,700,380,47,0,1,0,0,0
600,700,380,47,1,1,0,0,0
600,700,390,47,0,1,0,0,0
600,700,390,47,1,1,0,0,0
600,700,400,47,0,1,0,0,0
600,700,400,47,1,1,0,0,0
600,700,410,47,0,1,0,0,0
600,700,410,47,1,1,0,0,0
600,700,420,47,0,1,0,0,0
600,700,420,47,1,1,0,0,0
600,700,430,47,0,1,0,0,0
600,700,430,47,1,1,0,0,0
600,700,440,47,0,1,0,0,0
600,700,440,47,1,1,0,0,0
600,700,450,47,0,1,0,0,0
600,700,450,47,1,1,0,0,0
600,700,460,47,0,1,0,0,0
600,700,460,47,1,1,0,0,0
600,700,470,47,0,1,0,0,0
600,700,470,47,1,1,0,0,0
600,700,480,47,0,1,0,0,0
600,700,480,47,1,1,0,0,0
600,700,490,47,0,1,0,0,0
600,700,490,47,1,1,0,0,0
600,700,500,47,0,1,0,0,0
600,700,500,47,1,1,0,0,0
600,800,130,47,0,0,0.008,0.992,0
600,800,130,47,1,0,0.163,0.837,0
600,800,140,47,0,0,0,0.998,0.002
600,800,140,47,1,0,0.015,0.985,0
600,800,150,47,0,0,0,0.987,0.013
600,800,150,47,1,0,0.006,0.991,0.003
600,800,160,47,0,0,0,0.903,0.097
600,800,160,47,1,0,0,0.985,0.015
600,800,170,47,0,0,0,0.655,0.345
600,800,170,47,1,0,0,0.938,0.062
600,800,180,47,0,0,0,0.326,0.674
600,800,180,47,1,0,0,0.808,0.192
600,800,190,47,0,0,0,0.133,0.867
600,800,190,47,1,0,0,0.659,0.341
600,800,200,47,0,0,0,0.031,0.969
600,800,200,47,1,0,0,0.513,0.487
600,800,210,47,0,0,0,0.004,0.996
600,800,210,47,1,0,0,0.439,0.561
600,800,220,47,0,0,0,0,1
600,800,220,47,1,0,0,0.374,0.626
600,800,230,47,0,0.006,0,0,0.994
600,800,230,47,1,0.005,0,0.313,0.682
600,800,240,47,0,0.042,0,0,0.958
600,800,240,47,1,0.025,0,0.267,0.708
600,800,250,47,0,0.182,0,0,0.818
600,800,250,47,1,0.093,0,0.243,0.664
600,800,260,47,0,0.465,0,0,0.535
600,800,260,47,1,0.223,0,0.229,0.548
600,800,270,47,0,0.73,0,0,0.27
600,800,270,47,1,0.349,0,0.239,0.412
600,800,280,47,0,0.893,0,0,0.107
600,800,280,47,1,0.422,0,0.161,0.417
600,800,290,47,0,0.99,0,0,0.01
600,800,290,47,1,0.46,0,0.093,0.447
600,800,300,47,0,1,0,0,0
600,800,300,47,1,0.527,0,0.049,0.424
600,800,310,47,0,1,0,0,0
600,800,310,47,1,0.667,0,0.011,0.322
600,800,320,47,0,1,0,0,0
600,800,320,47,1,0.809,0,0.005,0.186
600,800,330,47,0,1,0,0,0
600,800,330,47,1,0.898,0,0,0.102
600,800,340,47,0,1,0,0,0
600,800,340,47,1,0.978,0,0,0.022
600,800,350,47,0,1,0,0,0
600,800,350,47,1,0.991,0,0,0.009
600,800,360,47,0,1,0,0,0
600,800,360,47,1,1,0,0,0
600,800,370,47,0,1,0,0,0
600,800,370,47,1,1,0,0,0
600,800,380,47,0,1,0,0,0
600,800,380,47,1,1,0,0,0
600,800,390,47,0,1,0,0,0
600,800,390,47,1,1,0,0,0
600,800,400,47,0,1,0,0,0
600,800,400,47,1,1,0,0,0
600,800,410,47,0,1,0,0,0
600,800,410,47,1,1,0,0,0
600,800,420,47,0,1,0,0,0
600,800,420,47,1,1,0,0,0
600,800,430,47,0,1,0,0,0
600,800,430,47,1,1,0,0,0
600,800,440,47,0,1,0,0,0
600,800,440,47,1,1,0,0,0
600,800,450,47,0,1,0,0,0
600,800,450,47,1,1,0,0,0
600,800,460,47,0,1,0,0,0
600,800,460,47,1,1,0,0,0
600,800,470,47,0,1,0,0,0
600,800,470,47,1,1,0,0,0
600,800,480,47,0,1,0,0,0
600,800,480,47,1,1,0,0,0
600,800,490,47,0,1,0,0,0
600,800,490,47,1,1,0,0,0
600,800,500,47,0,1,0,0,0
600,800,500,47,1,1,0,0,0
600,900,130,47,0,0,0.003,0.997,0
600,900,130,47,1,0,0.125,0.875,0
600,900,140,47,0,0,0,1,0
600,900,140,47,1,0,0.02,0.98,0
600,900,150,47,0,0,0,0.997,0.003
600,900,150,47,1,0,0.005,0.995,0
600,900,160,47,0,0,0,0.99,0.01
600,900,160,47,1,0,0,0.995,0.005
600,900,170,47,0,0,0,0.931,0.069
600,900,170,47,1,0,0,0.95,0.05
600,900,180,47,0,0,0,0.738,0.262
600,900,180,47,1,0,0,0.823,0.177
600,900,190,47,0,0,0,0.413,0.587
600,900,190,47,1,0,0,0.599,0.401
600,900,200,47,0,0,0,0.186,0.814
600,900,200,47,1,0,0,0.488,0.512
600,900,210,47,0,0,0,0.041,0.959
600,900,210,47,1,0,0,0.467,0.533
600,900,220,47,0,0,0,0.011,0.989
600,900,220,47,1,0,0,0.495,0.505
600,900,230,47,0,0.004,0,0.001,0.995
600,900,230,47,1,0,0,0.516,0.484
600,900,240,47,0,0.023,0,0.001,0.976
600,900,240,47,1,0.005,0,0.485,0.51
600,900,250,47,0,0.132,0,0,0.868
600,900,250,47,1,0.023,0,0.449,0.528
600,900,260,47,0,0.384,0,0,0.616
600,900,260,47,1,0.083,0,0.396,0.521
600,900,270,47,0,0.649,0,0,0.351
600,900,270,47,1,0.175,0,0.345,0.48
600,900,280,47,0,0.884,0,0,0.116
600,900,280,47,1,0.316,0,0.261,0.423
600,900,290,47,0,0.968,0,0,0.032
600,900,290,47,1,0.466,0,0.186,0.348
600,900,300,47,0,0.995,0,0,0.005
600,900,300,47,1,0.565,0,0.124,0.311
600,900,310,47,0,1,0,0,0
600,900,310,47,1,0.701,0,0.078,0.221
600,900,320,47,0,1,0,0,0
600,900,320,47,1,0.835,0,0.023,0.142
600,900,330,47,0,1,0,0,0
600,900,330,47,1,0.91,0,0.004,0.086
600,900,340,47,0,1,0,0,0
600,900,340,47,1,0.958,0,0.002,0.04
600,900,350,47,0,1,0,0,0
600,900,350,47,1,0.986,0,0,0.014
600,900,360,47,0,1,0,0,0
600,900,360,47,1,1,0,0,0
600,900,370,47,0,1,0,0,0
600,900,370,47,1,1,0,0,0
600,900,380,47,0,1,0,0,0
600,900,380,47,1,1,0,0,0
600,900,390,47,0,1,0,0,0
600,900,390,47,1,1,0,0,0
600,900,400,47,0,1,0,0,0
600,900,400,47,1,1,0,0,0
600,900,410,47,0,1,0,0,0
600,900,410,47,1,1,0,0,0
600,900,420,47,0,1,0,0,0
600,900,420,47,1,1,0,0,0
600,900,430,47,0,1,0,0,0
600,900,430,47,1,1,0,0,0
600,900,440,47,0,1,0,0,0
600,900,440,47,1,1,0,0,0
600,900,450,47,0,1,0,0,0
600,900,450,47,1,1,0,0,0
600,900,460,47,0,1,0,0,0
600,900,460,47,1,1,0,0,0
600,900,470,47,0,1,0,0,0
600,900,470,47,1,1,0,0,0
600,900,480,47,0,1,0,0,0
600,900,480,47,1,1,0,0,0
600,900,490,47,0,1,0,0,0
600,900,490,47,1,1,0,0,0
600,900,500,47,0,1,0,0,0
600,900,500,47,1,1,0,0,0
600,1000,130,47,0,0,0.003,0.997,0
600,1000,130,47,1,0,0.081,0.919,0
600,1000,140,47,0,0,0,1,0
600,1000,140,47,1,0,0.011,0.989,0
600,1000,150,47,0,0,0,1,0
600,1000,150,47,1,0,0.001,0.999,0
600,1000,160,47,0,0,0,0.999,0.001
600,1000,160,47,1,0,0,1,0
600,1000,170,47,0,0,0,0.995,0.005
600,1000,170,47,1,0,0,0.995,0.005
600,1000,180,47,0,0,0,0.949,0.051
600,1000,180,47,1,0,0,0.971,0.029
600,1000,190,47,0,0,0,0.734,0.266
600,1000,190,47,1,0,0,0.851,0.149
600,1000,200,47,0,0,0,0.412,0.588
600,1000,200,47,1,0,0,0.606,0.394
600,1000,210,47,0,0,0,0.189,0.811
600,1000,210,47,1,0,0,0.35,0.65
600,1000,220,47,0,0.001,0,0.073,0.926
600,1000,220,47,1,0,0,0.137,0.863
600,1000,230,47,0,0.001,0,0.016,0.983
600,1000,230,47,1,0.005,0,0.065,0.93
600,1000,240,47,0,0.02,0,0.002,0.978
600,1000,240,47,1,0.007,0,0.019,0.974
600,1000,250,47,0,0.103,0,0,0.897
600,1000,250,47,1,0.09,0,0.01,0.9
600,1000,260,47,0,0.27,0,0,0.73
600,1000,260,47,1,0.232,0,0.016,0.752
600,1000,270,47,0,0.565,0,0,0.435
600,1000,270,47,1,0.519,0,0.004,0.477
600,1000,280,47,0,0.816,0,0,0.184
600,1000,280,47,1,0.773,0,0.011,0.216
600,1000,290,47,0,0.94,0,0,0.06
600,1000,290,47,1,0.914,0,0.006,0.08
600,1000,300,47,0,0.992,0,0,0.008
600,1000,300,47,1,0.968,0,0.008,0.024
600,1000,310,47,0,0.999,0,0,0.001
600,1000,310,47,1,0.992,0,0.001,0.007
600,1000,320,47,0,1,0,0,0
600,1000,320,47,1,0.994,0,0.004,0.002
600,1000,330,47,0,1,0,0,0
600,1000,330,47,1,0.998,0,0,0.002
600,1000,340,47,0,1,0,0,0
600,1000,340,47,1,1,0,0,0
600,1000,350,47,0,1,0,0,0
600,1000,350,47,1,0.998,0,0,0.002
600,1000,360,47,0,1,0,0,0
600,1000,360,47,1,1,0,0,0
600,1000,370,47,0,1,0,0,0
600,1000,370,47,1,1,0,0,0
600,1000,380,47,0,1,0,0,0
600,1000,380,47,1,1,0,0,0
600,1000,390,47,0,1,0,0,0
600,1000,390,47,1,1,0,0,0
600,1000,400,47,0,1,0,0,0
600,1000,400,47,1,1,0,0,0
600,1000,410,47,0,1,0,0,0
600,1000,410,47,1,1,0,0,0
600,1000,420,47,0,1,0,0,0
600,1000,420,47,1,1,0,0,0
600,1000,430,47,0,1,0,0,0
600,1000,430,47,1,1,0,0,0
600,1000,440,47,0,1,0,0,0
600,1000,440,47,1,1,0,0,0
600,1000,450,47,0,1,0,0,0
600,1000,450,47,1,1,0,0,0
600,1000,460,47,0,1,0,0,0
600,1000,460,47,1,1,0,0,0
600,1000,470,47,0,1,0,0,0
600,1000,470,47,1,1,0,0,0
600,1000,480,47,0,1,0,0,0
600,1000,480,47,1,1,0,0,0
600,1000,490,47,0,1,0,0,0
600,1000,490,47,1,1,0,0,0
600,1000,500,47,0,1,0,0,0
600,1000,500,47,1,1,0,0,0
700,800,130,47,0,0,0.009,0.99,0.001
700,800,130,47,1,0,0.127,0.873,0
700,800,140,47,0,0,0,0.983,0.017
700,800,140,47,1,0,0.009,0.99,0.001
700,800,150,47,0,0,0,0.903,0.097
700,800,150,47,1,0,0,0.973,0.027
700,800,160,47,0,0,0,0.593,0.407
700,800,160,47,1,0,0,0.9,0.1
700,800,170,47,0,0,0,0.269,0.731
700,800,170,47,1,0,0,0.798,0.202
700,800,180,47,0,0,0,0.087,0.913
700,800,180,47,1,0,0,0.672,0.328
700,800,190,47,0,0,0,0.019,0.981
700,800,190,47,1,0,0,0.558,0.442
700,800,200,47,0,0,0,0.002,0.998
700,800,200,47,1,0,0,0.466,0.534
700,800,210,47,0,0,0,0,1
700,800,210,47,1,0,0,0.41,0.59
700,800,220,47,0,0,0,0,1
700,800,220,47,1,0,0,0.38,0.62
700,800,230,47,0,0.002,0,0,0.998
700,800,230,47,1,0.001,0,0.331,0.668
700,800,240,47,0,0.028,0,0,0.972
700,800,240,47,1,0.011,0,0.239,0.75
700,800,250,47,0,0.128,0,0,0.872
700,800,250,47,1,0.071,0,0.15,0.779
700,800,260,47,0,0.401,0,0,0.599
700,800,260,47,1,0.27,0,0.045,0.685
700,800,270,47,0,0.686,0,0,0.314
700,800,270,47,1,0.512,0,0.031,0.457
700,800,280,47,0,0.931,0,0,0.069
700,800,280,47,1,0.669,0,0.012,0.319
700,800,290,47,0,0.987,0,0,0.013
700,800,290,47,1,0.717,0,0.008,0.275
700,800,300,47,0,0.999,0,0,0.001
700,800,300,47,1,0.678,0,0.004,0.318
700,800,310,47,0,1,0,0,0
700,800,310,47,1,0.636,0,0.001,0.363
700,800,320,47,0,1,0,0,0
700,800,320,47,1,0.727,0,0.001,0.272
700,800,330,47,0,1,0,0,0
700,800,330,47,1,0.851,0,0,0.149
700,800,340,47,0,1,0,0,0
700,800,340,47,1,0.94,0,0,0.06
700,800,350,47,0,1,0,0,0
700,800,350,47,1,0.982,0,0,0.018
700,800,360,47,0,1,0,0,0
700,800,360,47,1,0.994,0,0,0.006
700,800,370,47,0,1,0,0,0
700,800,370,47,1,1,0,0,0
700,800,380,47,0,1,0,0,0
700,800,380,47,1,1,0,0,0
700,800,390,47,0,1,0,0,0
700,800,390,47,1,1,0,0,0
700,800,400,47,0,1,0,0,0
700,800,400,47,1,1,0,0,0
700,800,410,47,0,1,0,0,0
700,800,410,47,1,1,0,0,0
700,800,420,47,0,1,0,0,0
700,800,420,47,1,1,0,0,0
700,800,430,47,0,1,0,0,0
700,800,430,47,1,1,0,0,0
700,800,440,47,0,1,0,0,0
700,800,440,47,1,1,0,0,0
700,800,450,47,0,1,0,0,0
700,800,450,47,1,1,0,0,0
700,800,460,47,0,1,0,0,0
700,800,460,47,1,1,0,0,0
700,800,470,47,0,1,0,0,0
700,800,470,47,1,1,0,0,0
700,800,480,47,0,1,0,0,0
700,800,480,47,1,1,0,0,0
700,800,490,47,0,1,0,0,0
700,800,490,47,1,1,0,0,0
700,800,500,47,0,1,0,0,0
700,800,500,47,1,1,0,0,0
700,900,130,47,0,0,0.001,0.999,0
700,900,130,47,1,0,0.082,0.918,0
700,900,140,47,0,0,0,1,0
700,900,140,47,1,0,0.008,0.992,0
700,900,150,47,0,0,0,0.993,0.007
700,900,150,47,1,0,0,0.999,0.001
700,900,160,47,0,0,0,0.905,0.095
700,900,160,47,1,0,0,0.975,0.025
700,900,170,47,0,0,0,0.699,0.301
700,900,170,47,1,0,0,0.942,0.058
700,900,180,47,0,0,0,0.383,0.617
700,900,180,47,1,0,0,0.868,0.132
700,900,190,47,0,0,0,0.124,0.876
700,900,190,47,1,0,0,0.756,0.244
700,900,200,47,0,0,0,0.038,0.962
700,900,200,47,1,0,0,0.586,0.414
700,900,210,47,0,0,0,0.007,0.993
700,900,210,47,1,0,0,0.46,0.54
700,900,220,47,0,0.001,0,0.001,0.998
700,900,220,47,1,0,0,0.344,0.656
700,900,230,47,0,0,0,0,1
700,900,230,47,1,0.001,0,0.264,0.735
700,900,240,47,0,0.014,0,0,0.986
700,900,240,47,1,0.003,0,0.18,0.817
700,900,250,47,0,0.082,0,0,0.918
700,900,250,47,1,0.044,0,0.151,0.805
700,900,260,47,0,0.256,0,0,0.744
700,900,260,47,1,0.161,0,0.116,0.723
700,900,270,47,0,0.549,0,0,0.451
700,900,270,47,1,0.375,0,0.086,0.539
700,900,280,47,0,0.788,0,0,0.212
700,900,280,47,1,0.614,0,0.086,0.3
700,900,290,47,0,0.939,0,0,0.061
700,900,290,47,1,0.664,0,0.058,0.278
700,900,300,47,0,0.995,0,0,0.005
700,900,300,47,1,0.592,0,0.051,0.357
700,900,310,47,0,0.999,0,0,0.001
700,900,310,47,1,0.603,0,0.031,0.366
700,900,320,47,0,1,0,0,0
700,900,320,47,1,0.658,0,0.012,0.33
700,900,330,47,0,1,0,0,0
700,900,330,47,1,0.801,0,0.002,0.197
700,900,340,47,0,1,0,0,0
700,900,340,47,1,0.916,0,0.001,0.083
700,900,350,47,0,1,0,0,0
700,900,350,47,1,0.971,0,0,0.029
700,900,360,47,0,1,0,0,0
700,900,360,47,1,0.996,0,0,0.004
700,900,370,47,0,1,0,0,0
700,900,370,47,1,0.998,0,0,0.002
700,900,380,47,0,1,0,0,0
700,900,380,47,1,1,0,0,0
700,900,390,47,0,1,0,0,0
700,900,390,47,1,1,0,0,0
700,900,400,47,0,1,0,0,0
700,900,400,47,1,1,0,0,0
700,900,410,47,0,1,0,0,0
700,900,410,47,1,1,0,0,0
700,900,420,47,0,1,0,0,0
700,900,420,47,1,1,0,0,0
700,900,430,47,0,1,0,0,0
700,900,430,47,1,1,0,0,0
700,900,440,47,0,1,0,0,0
700,900,440,47,1,1,0,0,0
700,900,450,47,0,1,0,0,0
700,900,450,47,1,1,0,0,0
700,900,460,47,0,1,0,0,0
700,900,460,47,1,1,0,0,0
700,900,470,47,0,1,0,0,0
700,900,470,47,1,1,0,0,0
700,900,480,47,0,1,0,0,0
700,900,480,47,1,1,0,0,0
700,900,490,47,0,1,0,0,0
700,900,490,47,1,1,0,0,0
700,900,500,47,0,1,0,0,0
700,900,500,47,1,1,0,0,0
700,1000,130,47,0,0,0.005,0.995,0
700,1000,130,47,1,0,0.069,0.931,0
700,1000,140,47,0,0,0,1,0
700,1000,140,47,1,0,0.007,0.993,0
700,1000,150,47,0,0,0,1,0
700,1000,150,47,1,0,0,1,0
700,1000,160,47,0,0,0,0.994,0.006
700,1000,160,47,1,0,0,0.996,0.004
700,1000,170,47,0,0,0,0.948,0.052
700,1000,170,47,1,0,0,0.949,0.051
700,1000,180,47,0,0,0,0.764,0.236
700,1000,180,47,1,0,0,0.798,0.202
700,1000,190,47,0,0,0,0.463,0.537
700,1000,190,47,1,0,0,0.559,0.441
700,1000,200,47,0,0,0,0.172,0.828
700,1000,200,47,1,0,0,0.349,0.651
700,1000,210,47,0,0,0,0.057,0.943
700,1000,210,47,1,0,0,0.295,0.705
700,1000,220,47,0,0.001,0,0.009,0.99
700,1000,220,47,1,0,0,0.31,0.69
700,1000,230,47,0,0.002,0,0.002,0.996
700,1000,230,47,1,0,0,0.327,0.673
700,1000,240,47,0,0.015,0,0,0.985
700,1000,240,47,1,0.002,0,0.339,0.659
700,1000,250,47,0,0.057,0,0,0.943
700,1000,250,47,1,0.014,0,0.364,0.622
700,1000,260,47,0,0.222,0,0,0.778
700,1000,260,47,1,0.068,0,0.32,0.612
700,1000,270,47,0,0.458,0,0,0.542
700,1000,270,47,1,0.138,0,0.32,0.542
700,1000,280,47,0,0.749,0,0,0.251
700,1000,280,47,1,0.27,0,0.295,0.435
700,1000,290,47,0,0.927,0,0,0.073
700,1000,290,47,1,0.362,0,0.267,0.371
700,1000,300,47,0,0.982,0,0,0.018
700,1000,300,47,1,0.457,0,0.196,0.347
700,1000,310,47,0,0.998,0,0,0.002
700,1000,310,47,1,0.536,0,0.111,0.353
700,1000,320,47,0,1,0,0,0
700,1000,320,47,1,0.612,0,0.087,0.301
700,1000,330,47,0,1,0,0,0
700,1000,330,47,1,0.746,0,0.03,0.224
700,1000,340,47,0,1,0,0,0
700,1000,340,47,1,0.837,0,0.01,0.153
700,1000,350,47,0,1,0,0,0
700,1000,350,47,1,0.924,0,0.003,0.073
700,1000,360,47,0,1,0,0,0
700,1000,360,47,1,0.98,0,0,0.02
700,1000,370,47,0,1,0,0,0
700,1000,370,47,1,0.997,0,0,0.003
700,1000,380,47,0,1,0,0,0
700,1000,380,47,1,1,0,0,0
700,1000,390,47,0,1,0,0,0
700,1000,390,47,1,1,0,0,0
700,1000,400,47,0,1,0,0,0
700,1000,400,47,1,1,0,0,0
700,1000,410,47,0,1,0,0,0
700,1000,410,47,1,1,0,0,0
700,1000,420,47,0,1,0,0,0
700,1000,420,47,1,1,0,0,0
700,1000,430,47,0,1,0,0,0
700,1000,430,47,1,1,0,0,0
700,1000,440,47,0,1,0,0,0
700,1000,440,47,1,1,0,0,0
700,1000,450,47,0,1,0,0,0
700,1000,450,47,1,1,0,0,0
700,1000,460,47,0,1,0,0,0
700,1000,460,47,1,1,0,0,0
700,1000,470,47,0,1,0,0,0
700,1000,470,47,1,1,0,0,0
700,1000,480,47,0,1,0,0,0
700,1000,480,47,1,1,0,0,0
700,1000,490,47,0,1,0,0,0
700,1000,490,47,1,1,0,0,0
700,1000,500,47,0,1,0,0,0
700,1000,500,47,1,1,0,0,0
800,900,130,47,0,0,0.004,0.996,0
800,900,130,47,1,0,0.076,0.924,0
800,900,140,47,0,0,0,0.987,0.013
800,900,140,47,1,0,0.002,0.997,0.001
800,900,150,47,0,0,0,0.926,0.074
800,900,150,47,1,0,0,0.984,0.016
800,900,160,47,0,0,0,0.675,0.325
800,900,160,47,1,0,0,0.913,0.087
800,900,170,47,0,0,0,0.375,0.625
800,900,170,47,1,0,0,0.785,0.215
800,900,180,47,0,0,0,0.128,0.872
800,900,180,47,1,0,0,0.693,0.307
800,900,190,47,0,0,0,0.041,0.959
800,900,190,47,1,0,0,0.575,0.425
800,900,200,47,0,0,0,0.006,0.994
800,900,200,47,1,0,0,0.487,0.513
800,900,210,47,0,0,0,0.001,0.999
800,900,210,47,1,0,0,0.415,0.585
800,900,220,47,0,0,0,0,1
800,900,220,47,1,0,0,0.387,0.613
800,900,230,47,0,0,0,0,1
800,900,230,47,1,0,0,0.318,0.682
800,900,240,47,0,0.005,0,0,0.995
800,900,240,47,1,0,0,0.252,0.748
800,900,250,47,0,0.048,0,0,0.952
800,900,250,47,1,0.015,0,0.156,0.829
800,900,260,47,0,0.185,0,0,0.815
800,900,260,47,1,0.074,0,0.1,0.826
800,900,270,47,0,0.481,0,0,0.519
800,900,270,47,1,0.258,0,0.039,0.703
800,900,280,47,0,0.797,0,0,0.203
800,900,280,47,1,0.496,0,0.009,0.495
800,900,290,47,0,0.963,0,0,0.037
800,900,290,47,1,0.681,0,0.001,0.318
800,900,300,47,0,0.993,0,0,0.007
800,900,300,47,1,0.817,0,0.003,0.18
800,900,310,47,0,0.999,0,0,0.001
800,900,310,47,1,0.842,0,0,0.158
800,900,320,47,0,1,0,0,0
800,900,320,47,1,0.83,0,0.001,0.169
800,900,330,47,0,1,0,0,0
800,900,330,47,1,0.849,0,0,0.151
800,900,340,47,0,1,0,0,0
800,900,340,47,1,0.906,0,0,0.094
800,900,350,47,0,1,0,0,0
800,900,350,47,1,0.954,0,0,0.046
800,900,360,47,0,1,0,0,0
800,900,360,47,1,0.988,0,0,0.012
800,900,370,47,0,1,0,0,0
800,900,370,47,1,0.997,0,0,0.003
800,900,380,47,0,1,0,0,0
800,900,380,47,1,0.999,0,0,0.001
800,900,390,47,0,1,0,0,0
800,900,390,47,1,1,0,0,0
800,900,400,47,0,1,0,0,0
800,900,400,47,1,1,0,0,0
800,900,410,47,0,1,0,0,0
800,900,410,47,1,1,0,0,0
800,900,420,47,0,1,0,0,0
800,900,420,47,1,1,0,0,0
800,900,430,47,0,1,0,0,0
800,900,430,47,1,1,0,0,0
800,900,440,47,0,1,0,0,0
800,900,440,47,1,1,0,0,0
800,900,450,47,0,1,0,0,0
800,900,450,47,1,1,0,0,0
800,900,460,47,0,1,0,0,0
800,900,460,47,1,1,0,0,0
800,900,470,47,0,1,0,0,0
800,900,470,47,1,1,0,0,0
800,900,480,47,0,1,0,0,0
800,900,480,47,1,1,0,0,0
800,900,490,47,0,1,0,0,0
800,900,490,47,1,1,0,0,0
800,900,500,47,0,1,0,0,0
800,900,500,47,1,1,0,0,0
800,1000,130,47,0,0,0.004,0.996,0
800,1000,130,47,1,0,0.08,0.92,0
800,1000,140,47,0,0,0,1,0
800,1000,140,47,1,0,0.003,0.997,0
800,1000,150,47,0,0,0,0.997,0.003
800,1000,150,47,1,0,0,1,0
800,1000,160,47,0,0,0,0.953,0.047
800,1000,160,47,1,0,0,0.985,0.015
800,1000,170,47,0,0,0,0.797,0.203
800,1000,170,47,1,0,0,0.919,0.081
800,1000,180,47,0,0,0,0.454,0.546
800,1000,180,47,1,0,0,0.857,0.143
800,1000,190,47,0,0,0,0.206,0.794
800,1000,190,47,1,0,0,0.769,0.231
800,1000,200,47,0,0,0,0.057,0.943
800,1000,200,47,1,0,0,0.699,0.301
800,1000,210,47,0,0,0,0.01,0.99
800,1000,210,47,1,0,0,0.588,0.412
800,1000,220,47,0,0,0,0,1
800,1000,220,47,1,0,0,0.498,0.502
800,1000,230,47,0,0,0,0,1
800,1000,230,47,1,0,0,0.352,0.648
800,1000,240,47,0,0.003,0,0,0.997
800,1000,240,47,1,0.004,0,0.278,0.718
800,1000,250,47,0,0.023,0,0,0.977
800,1000,250,47,1,0.022,0,0.193,0.785
800,1000,260,47,0,0.148,0,0,0.852
800,1000,260,47,1,0.081,0,0.164,0.755
800,1000,270,47,0,0.358,0,0,0.642
800,1000,270,47,1,0.231,0,0.113,0.656
800,1000,280,47,0,0.651,0,0,0.349
800,1000,280,47,1,0.462,0,0.067,0.471
800,1000,290,47,0,0.866,0,0,0.134
800,1000,290,47,1,0.657,0,0.042,0.301
800,1000,300,47,0,0.98,0,0,0.02
800,1000,300,47,1,0.711,0,0.031,0.258
800,1000,310,47,0,0.999,0,0,0.001
800,1000,310,47,1,0.759,0,0.011,0.23
800,1000,320,47,0,1,0,0,0
800,1000,320,47,1,0.759,0,0.006,0.235
800,1000,330,47,0,1,0,0,0
800,1000,330,47,1,0.795,0,0.003,0.202
800,1000,340,47,0,1,0,0,0
800,1000,340,47,1,0.851,0,0.001,0.148
800,1000,350,47,0,1,0,0,0
800,1000,350,47,1,0.93,0,0,0.07
800,1000,360,47,0,1,0,0,0
800,1000,360,47,1,0.979,0,0,0.021
800,1000,370,47,0,1,0,0,0
800,1000,370,47,1,0.993,0,0,0.007
800,1000,380,47,0,1,0,0,0
800,1000,380,47,1,0.997,0,0,0.003
800,1000,390,47,0,1,0,0,0
800,1000,390,47,1,1,0,0,0
800,1000,400,47,0,1,0,0,0
800,1000,400,47,1,1,0,0,0
800,1000,410,47,0,1,0,0,0
800,1000,410,47,1,1,0,0,0
800,1000,420,47,0,1,0,0,0
800,1000,420,47,1,1,0,0,0
800,1000,430,47,0,1,0,0,0
800,1000,430,47,1,1,0,0,0
800,1000,440,47,0,1,0,0,0
800,1000,440,47,1,1,0,0,0
800,1000,450,47,0,1,0,0,0
800,1000,450,47,1,1,0,0,0
800,1000,460,47,0,1,0,0,0
800,1000,460,47,1,1,0,0,0
800,1000,470,47,0,1,0,0,0
800,1000,470,47,1,1,0,0,0
800,1000,480,47,0,1,0,0,0
800,1000,480,47,1,1,0,0,0
800,1000,490,47,0,1,0,0,0
800,1000,490,47,1,1,0,0,0
800,1000,500,47,0,1,0,0,0
800,1000,500,47,1,1,0,0,0
900,1000,130,47,0,0,0.006,0.994,0
900,1000,130,47,1,0,0.073,0.927,0
900,1000,140,47,0,0,0,0.999,0.001
900,1000,140,47,1,0,0.002,0.998,0
900,1000,150,47,0,0,0,0.975,0.025
900,1000,150,47,1,0,0,0.997,0.003
900,1000,160,47,0,0,0,0.868,0.132
900,1000,160,47,1,0,0,0.952,0.048
900,1000,170,47,0,0,0,0.576,0.424
900,1000,170,47,1,0,0,0.868,0.132
900,1000,180,47,0,0,0,0.28,0.72
900,1000,180,47,1,0,0,0.728,0.272
900,1000,190,47,0,0,0,0.111,0.889
900,1000,190,47,1,0,0,0.601,0.399
900,1000,200,47,0,0,0,0.029,0.971
900,1000,200,47,1,0,0,0.532,0.468
900,1000,210,47,0,0,0,0.01,0.99
900,1000,210,47,1,0,0,0.478,0.522
900,1000,220,47,0,0,0,0.002,0.998
900,1000,220,47,1,0,0,0.412,0.588
900,1000,230,47,0,0,0,0,1
900,1000,230,47,1,0,0,0.313,0.687
900,1000,240,47,0,0.001,0,0,0.999
900,1000,240,47,1,0,0,0.238,0.762
900,1000,250,47,0,0.007,0,0,0.993
900,1000,250,47,1,0.007,0,0.15,0.843
900,1000,260,47,0,0.054,0,0,0.946
900,1000,260,47,1,0.019,0,0.072,0.909
900,1000,270,47,0,0.219,0,0,0.781
900,1000,270,47,1,0.102,0,0.032,0.866
900,1000,280,47,0,0.514,0,0,0.486
900,1000,280,47,1,0.218,0,0.015,0.767
900,1000,290,47,0,0.782,0,0,0.218
900,1000,290,47,1,0.487,0,0.006,0.507
900,1000,300,47,0,0.941,0,0,0.059
900,1000,300,47,1,0.694,0,0.001,0.305
900,1000,310,47,0,0.995,0,0,0.005
900,1000,310,47,1,0.835,0,0.003,0.162
900,1000,320,47,0,1,0,0,0
900,1000,320,47,1,0.893,0,0.001,0.106
900,1000,330,47,0,1,0,0,0
900,1000,330,47,1,0.918,0,0,0.082
900,1000,340,47,0,1,0,0,0
900,1000,340,47,1,0.942,0,0,0.058
900,1000,350,47,0,1,0,0,0
900,1000,350,47,1,0.962,0,0,0.038
900,1000,360,47,0,1,0,0,0
900,1000,360,47,1,0.978,0,0,0.022
900,1000,370,47,0,1,0,0,0
900,1000,370,47,1,0.992,0,0,0.008
900,1000,380,47,0,1,0,0,0
900,1000,380,47,1,1,0,0,0
900,1000,390,47,0,1,0,0,0
900,1000,390,47,1,1,0,0,0
900,1000,400,47,0,1,0,0,0
900,1000,400,47,1,1,0,0,0
900,1000,410,47,0,1,0,0,0
900,1000,410,47,1,1,0,0,0
900,1000,420,47,0,1,0,0,0
900,1000,420,47,1,1,0,0,0
900,1000,430,47,0,1,0,0,0
900,1000,430,47,1,1,0,0,0
900,1000,440,47,0,1,0,0,0
900,1000,440,47,1,1,0,0,0
900,1000,450,47,0,1,0,0,0
900,1000,450,47,1,1,0,0,0
900,1000,460,47,0,1,0,0,0
900,1000,460,47,1,1,0,0,0
900,1000,470,47,0,1,0,0,0
900,1000,470,47,1,1,0,0,0
900,1000,480,47,0,1,0,0,0
900,1000,480,47,1,1,0,0,0
900,1000,490,47,0,1,0,0,0
900,1000,490,47,1,1,0,0,0
900,1000,500,47,0,1,0,0,0
900,1000,500,47,1,1,0,0,0
